Player,Team,Age,GamesPlayed,Wins,Losses,Min,Points,FGM,FGA,FG_Percent,3PM,3PA,3P_Percent,FTM,FTA,FT%,OREB,DREB,REB,AST,TOV,STL,BLK,PF,FP,DD2,TD3,PlusMinus
Shai Gilgeous-Alexander,OKC,26,70,59,11,2401.8,2301,795,1522,52.2,148,400,37.0,563,625,90.1,60,293,353,440,175,123,71,153,3792,5,0,861
Anthony Edwards,MIN,23,71,41,30,2566.6,1932,636,1444,44.0,283,716,39.5,377,449,84.0,56,349,405,325,227,81,42,127,3048,6,0,218
Nikola Jokic,DEN,30,64,43,21,2332.5,1872,714,1244,57.4,121,294,41.2,323,402,80.3,186,634,820,653,209,113,43,145,4095,54,30,541
Giannis Antetokounmpo,MIL,30,60,34,26,2039.2,1814,714,1189,60.1,9,50,18.0,377,624,60.4,138,579,717,357,191,50,72,149,3385,49,7,235
Jayson Tatum,BOS,27,66,48,18,2403.5,1791,612,1345,45.5,236,670,35.2,331,409,80.9,44,529,573,393,198,73,34,145,3191,29,2,490
Devin Booker,PHX,28,68,34,34,2544.7,1720,573,1264,45.3,174,512,34.0,400,447,89.5,66,212,278,483,193,65,14,181,2822,14,0,-100
Cade Cunningham,DET,23,66,37,29,2320.9,1698,631,1367,46.2,141,398,35.4,295,344,85.8,53,352,405,609,295,68,49,183,3154,30,9,178
Tyler Herro,MIA,25,70,32,38,2493.9,1651,584,1251,46.7,234,628,37.3,249,287,86.8,28,335,363,389,180,61,16,80,2721,9,0,4
Trae Young,ATL,26,68,32,36,2453.6,1641,507,1232,41.2,192,571,33.6,435,497,87.5,32,182,214,777,328,79,11,131,3005,44,0,27
Kevin Durant,PHX,36,61,33,28,2241.9,1636,587,1113,52.7,159,369,43.1,303,361,83.9,22,345,367,262,189,49,77,103,2658,5,0,-10
Karl-Anthony Towns,NYK,29,66,43,23,2310.2,1616,585,1118,52.3,137,323,42.4,309,374,82.6,196,652,848,208,172,67,46,229,3113,52,1,347
Jalen Brunson,NYK,28,61,39,22,2162.3,1606,558,1138,49.0,140,365,38.4,350,424,82.5,25,156,181,452,153,58,6,132,2540,13,0,156
Donovan Mitchell,CLE,28,67,52,15,2098.7,1605,551,1249,44.1,221,600,36.8,282,341,82.7,53,242,295,329,138,87,13,132,2615,5,0,486
Jalen Green,HOU,23,74,48,26,2488.3,1590,563,1325,42.5,217,621,34.9,247,303,81.5,43,306,349,255,186,63,24,118,2466,4,0,157
James Harden,LAC,35,70,42,28,2452.5,1577,456,1141,40.0,212,605,35.0,453,518,87.5,47,357,404,603,306,101,47,145,3104,32,2,277
LeBron James,LAL,40,62,38,24,2168.7,1521,583,1139,51.2,133,357,37.3,222,289,76.8,66,440,506,525,238,58,35,88,2957,32,10,-75
Zach LaVine,SAC,30,65,28,37,2270.5,1502,545,1065,51.2,201,464,43.3,211,258,81.8,20,267,287,277,186,55,12,96,2277,4,0,-16
DeMar DeRozan,SAC,35,68,34,34,2445.3,1496,547,1138,48.1,74,217,34.1,328,378,86.8,42,223,265,296,96,61,26,130,2423,3,0,77
Pascal Siakam,IND,30,72,42,30,2364.7,1485,575,1096,52.5,119,304,39.1,216,290,74.5,121,378,499,245,103,63,36,181,2645,10,0,307
Jaren Jackson Jr.,MEM,25,66,39,27,1942.1,1480,536,1085,49.4,127,339,37.5,281,362,77.6,81,288,369,138,140,84,106,226,2560,4,0,315
Stephen Curry,GSW,37,61,35,26,1963.1,1472,483,1087,44.4,268,683,39.2,238,257,92.6,32,233,265,368,178,67,26,84,2443,8,0,221
De'Aaron Fox,SAS,27,62,27,35,2241.1,1459,539,1163,46.3,118,381,31.0,263,318,82.7,54,244,298,392,174,91,25,164,2579,9,0,-69
Damian Lillard,MIL,34,58,32,26,2092.9,1447,444,992,44.8,197,524,37.6,362,393,92.1,29,243,272,410,162,70,10,97,2466,14,2,53
Darius Garland,CLE,25,69,55,14,2109.3,1426,511,1082,47.2,197,489,40.3,207,234,88.5,41,156,197,461,177,85,11,136,2465,6,0,485
Jamal Murray,DEN,28,65,39,26,2361.9,1405,520,1093,47.6,154,389,39.6,211,238,88.7,43,206,249,393,133,91,33,125,2532,5,0,301
Tyrese Maxey,PHI,24,52,20,32,1960.2,1369,477,1091,43.7,161,478,33.7,254,289,87.9,15,159,174,317,124,91,21,116,2265,8,1,-124
Coby White,CHI,25,66,29,37,2204.8,1345,455,1021,44.6,201,548,36.7,234,261,89.7,23,211,234,297,152,63,13,141,2147,1,0,-161
Alperen Sengun,HOU,22,70,48,22,2214.8,1342,525,1057,49.7,21,89,23.6,271,391,69.3,245,490,735,342,182,79,57,197,2963,43,4,346
Anfernee Simons,POR,25,69,28,41,2257.3,1333,474,1105,42.9,214,585,36.6,171,189,90.5,24,162,186,333,141,58,5,116,2104,2,0,-204
Jalen Williams,OKC,23,62,50,12,2016.8,1318,499,1043,47.8,112,308,36.4,208,262,79.4,52,286,338,327,138,101,44,147,2511,3,0,422
Michael Porter Jr.,DEN,26,72,44,28,2419.7,1313,496,985,50.4,182,457,39.8,139,182,76.4,129,372,501,157,95,49,34,144,2304,15,0,265
Franz Wagner,ORL,23,54,28,26,1824.1,1311,485,1054,46.0,91,311,29.3,250,289,86.5,52,259,311,255,132,68,20,136,2199,3,0,187
Jaylen Brown,BOS,28,58,42,16,2027.7,1308,485,1056,45.9,108,338,32.0,230,302,76.2,80,265,345,269,152,73,19,146,2250,5,0,370
Mikal Bridges,NYK,28,73,46,27,2745.0,1304,535,1074,49.8,152,431,35.3,82,103,79.6,64,172,236,264,117,71,39,104,2196,1,0,307
Austin Reaves,LAL,26,65,40,25,2254.4,1293,420,925,45.4,168,469,35.8,285,324,88.0,52,235,287,382,158,72,20,132,2328,9,1,142
Jordan Poole,WAS,25,63,14,49,1881.6,1287,424,989,42.9,219,578,37.9,220,250,88.0,28,165,193,285,198,84,27,187,2081,1,0,-525
Bam Adebayo,MIA,27,71,32,39,2450.7,1247,479,987,48.5,62,191,32.5,227,297,76.4,172,516,688,304,154,91,49,152,2795,35,1,-53
Kyrie Irving,DAL,33,50,28,22,1803.8,1234,447,945,47.3,144,359,40.1,196,214,91.6,60,180,240,231,111,66,23,101,2025,0,0,124
Tyrese Haliburton,IND,25,66,40,26,2224.4,1230,431,918,46.9,198,513,38.6,170,197,86.3,37,196,233,608,109,99,40,87,2730,27,0,212
Evan Mobley,CLE,23,65,53,12,1965.7,1203,465,824,56.4,73,199,36.7,200,275,72.7,147,458,605,200,131,53,103,129,2566,34,0,512
Nikola Vuevi,CHI,34,65,28,37,2055.5,1201,489,922,53.0,117,292,40.1,106,132,80.3,150,504,654,220,104,54,44,152,2506,40,1,-130
Malik Beasley,DET,28,74,42,32,2045.6,1198,414,949,43.6,286,678,42.2,84,125,67.2,45,156,201,131,80,70,5,117,1781,1,0,189
Miles Bridges,CHA,27,58,15,43,1870.6,1192,430,1000,43.0,131,414,31.6,201,231,87.0,67,382,449,227,123,42,42,86,2200,13,1,-230
LaMelo Ball,CHA,23,47,16,31,1504.5,1184,406,1003,40.5,179,528,33.9,193,229,84.3,47,185,232,346,167,54,13,157,2015,13,0,-130
CJ McCollum,NOP,33,56,17,39,1831.7,1183,444,1000,44.4,171,459,37.3,124,173,71.7,42,170,212,227,106,46,24,124,1882,0,0,-279
OG Anunoby,NYK,27,67,41,26,2454.1,1170,429,913,47.0,152,412,36.9,160,196,81.6,89,229,318,144,87,100,58,157,2155,1,0,264
Ivica Zubac,LAC,28,71,42,29,2309.8,1169,516,829,62.2,0,0,0.0,137,213,64.3,262,623,885,179,117,51,85,154,2791,50,0,400
Luka Doni,LAL,26,42,25,17,1480.8,1168,384,871,44.1,150,412,36.4,250,322,77.6,36,319,355,328,158,78,19,105,2219,21,5,252
Shaedon Sharpe,POR,21,66,29,37,2035.7,1168,439,975,45.0,129,417,30.9,161,202,79.7,63,218,281,171,132,52,15,112,1831,1,0,-192
Norman Powell,LAC,31,52,32,20,1674.3,1165,404,829,48.7,161,380,42.4,196,239,82.0,19,154,173,113,99,67,9,100,1671,1,0,254
Domantas Sabonis,SAC,28,61,32,29,2120.8,1158,455,770,59.1,58,142,40.8,190,255,74.5,229,623,852,375,180,39,24,201,2752,53,9,159
Scottie Barnes,TOR,23,59,24,35,1967.8,1151,430,966,44.5,70,261,26.8,221,287,77.0,100,360,460,349,173,88,61,108,2501,24,1,-123
RJ Barrett,TOR,24,54,20,34,1771.0,1150,431,915,47.1,100,283,35.3,188,291,64.6,54,295,349,301,161,42,15,133,2030,10,2,-165
Derrick White,BOS,30,69,52,17,2331.6,1141,387,875,44.2,241,625,38.6,126,150,84.0,57,243,300,312,113,68,71,132,2273,3,0,468
Desmond Bane,MEM,26,61,35,26,1933.0,1141,423,880,48.1,137,356,38.5,158,179,88.3,58,317,375,333,154,72,26,148,2231,10,1,168
Julius Randle,MIN,30,61,37,24,1951.6,1139,397,825,48.1,89,270,33.0,256,317,80.8,130,296,426,284,172,42,14,151,2072,12,0,130
Anthony Davis,DAL,32,45,27,18,1525.8,1134,421,804,52.4,31,103,30.1,261,334,78.1,124,404,528,153,96,56,94,84,2351,33,0,33
Trey Murphy III,NOP,24,53,14,39,1854.2,1124,381,839,45.4,158,438,36.1,204,230,88.7,47,221,268,188,103,56,39,112,1910,2,0,-384
Victor Wembanyama,SAS,21,46,21,25,1527.3,1116,408,857,47.6,142,403,35.2,158,189,83.6,82,424,506,168,149,52,176,105,2510,28,1,102
Christian Braun,DEN,23,73,45,28,2443.4,1106,431,751,57.4,80,203,39.4,164,199,82.4,91,279,370,180,74,79,36,155,2091,5,0,407
Deni Avdija,POR,24,68,31,37,2013.6,1091,355,753,47.1,116,314,36.9,265,342,77.5,92,382,474,256,178,64,33,160,2157,14,1,-100
Bennedict Mathurin,IND,22,67,39,28,2013.7,1082,371,796,46.6,95,270,35.2,245,292,83.9,79,281,360,124,127,41,24,153,1768,8,0,87
Collin Sexton,UTA,26,59,13,46,1644.4,1072,385,808,47.6,104,257,40.5,198,230,86.1,58,105,163,246,154,41,5,135,1621,2,0,-217
Naz Reid,MIN,25,73,41,32,2036.5,1065,397,860,46.2,169,434,38.9,102,133,76.7,83,363,446,167,98,57,68,177,2128,10,0,304
Malik Monk,SAC,27,59,33,26,1918.8,1063,393,880,44.7,132,401,32.9,145,166,87.3,29,196,225,343,142,58,38,149,1994,4,0,109
Andrew Wiggins,MIA,30,58,26,32,1790.8,1054,367,816,45.0,127,338,37.6,193,250,77.2,84,174,258,150,96,57,49,99,1811,3,0,-108
Cameron Johnson,BKN,29,56,20,36,1775.8,1052,350,737,47.5,158,403,39.2,194,218,89.0,52,186,238,187,98,53,25,103,1754,2,0,-207
Paolo Banchero,ORL,22,40,16,24,1377.7,1036,357,783,45.6,78,238,32.8,244,337,72.4,43,248,291,187,115,33,26,88,1728,8,0,-60
Payton Pritchard,BOS,27,72,53,19,2037.1,1020,358,769,46.6,237,574,41.3,67,80,83.8,93,178,271,243,69,63,13,110,1869,4,0,403
Jarrett Allen,CLE,26,74,59,15,2107.0,1010,412,587,70.2,0,4,0.0,186,255,72.9,196,541,737,141,87,70,70,116,2439,38,0,474
Myles Turner,IND,29,65,38,27,1987.3,1008,354,736,48.1,143,356,40.2,157,201,78.1,77,352,429,103,112,54,123,170,2096,12,0,199
Stephon Castle,SAS,20,71,30,41,1843.5,1008,362,847,42.7,83,288,28.8,201,281,71.5,74,163,237,262,146,68,18,143,1797,3,0,-124
Keyonte George,UTA,21,60,12,48,1870.4,997,317,807,39.3,153,445,34.4,210,260,80.8,24,200,224,346,162,42,9,100,1776,4,0,-456
De'Andre Hunter,CLE,27,58,34,24,1583.5,993,321,683,47.0,141,347,40.6,210,246,85.4,43,189,232,80,75,41,10,141,1469,1,0,60
Dillon Brooks,HOU,29,70,46,24,2261.5,976,354,836,42.3,173,439,39.4,95,115,82.6,73,190,263,123,74,58,14,235,1618,0,0,208
Josh Hart,NYK,30,70,44,26,2637.8,968,372,700,53.1,76,229,33.2,148,190,77.9,151,528,679,406,142,103,27,179,2640,32,9,215
Ja Morant,MEM,25,43,28,15,1291.1,960,329,733,44.9,66,227,29.1,236,283,83.4,25,150,175,320,161,53,11,95,1681,12,1,225
Tobias Harris,DET,32,69,39,30,2215.8,954,366,775,47.2,85,253,33.6,137,158,86.7,64,355,419,154,76,70,55,126,1987,5,0,228
Dyson Daniels,ATL,22,68,33,35,2306.3,948,399,827,48.2,74,215,34.4,76,128,59.4,111,281,392,294,133,208,48,162,2494,8,0,-76
Quentin Grimes,PHI,24,68,28,40,1770.2,945,335,701,47.8,142,360,39.4,133,176,75.6,51,233,284,191,120,66,21,124,1713,2,0,-189
Devin Vassell,SAS,24,57,23,34,1771.2,941,356,803,44.3,138,380,36.3,91,113,80.5,31,195,226,167,77,73,33,99,1704,2,0,-225
Jaden McDaniels,MIN,24,74,42,32,2369.4,934,370,761,48.6,98,282,34.8,96,116,82.8,118,315,433,151,82,104,65,207,2105,10,0,156
Brook Lopez,MIL,36,72,40,32,2306.9,932,350,694,50.4,128,343,37.3,104,125,83.2,105,259,364,129,74,49,134,155,2037,3,0,135
Klay Thompson,DAL,35,65,30,35,1793.4,926,333,808,41.2,196,501,39.1,64,71,90.1,43,191,234,135,85,46,28,78,1546,0,0,-20
Josh Giddey,CHI,22,64,29,35,1920.6,916,335,714,46.9,98,255,38.4,148,191,77.5,111,387,498,446,178,77,40,114,2356,25,5,-74
Kelly Oubre Jr.,PHI,29,60,21,39,2078.2,906,348,741,47.0,71,242,29.3,139,185,75.1,97,271,368,108,80,92,30,180,1796,10,0,-258
Dennis Schroder,DET,31,68,35,33,1879.2,903,310,753,41.2,120,344,34.9,163,193,84.5,23,153,176,364,131,64,12,165,1757,6,0,-37
Russell Westbrook,DEN,36,68,40,28,1904.4,895,339,747,45.4,88,263,33.5,129,202,63.9,98,239,337,424,222,98,34,175,2109,12,4,-12
Lauri Markkanen,UTA,27,47,9,38,1475.8,892,296,700,42.3,138,399,34.6,162,185,87.6,72,206,278,70,66,33,17,79,1415,5,0,-186
Amen Thompson,HOU,22,63,39,24,2046.5,884,351,635,55.3,22,82,26.8,160,235,68.1,175,350,525,229,129,89,80,149,2236,20,3,202
Keegan Murray,SAC,24,70,34,36,2429.4,883,340,761,44.7,145,415,34.9,58,70,82.9,141,333,474,101,58,55,61,178,1893,11,0,49
Keldon Johnson,SAS,25,69,29,40,1640.2,865,323,678,47.6,80,246,32.5,139,179,77.7,99,224,323,108,64,46,18,104,1543,3,0,-173
Onyeka Okongwu,ATL,24,66,31,35,1793.3,862,343,600,57.2,39,118,33.1,137,183,74.9,199,377,576,148,73,61,63,166,2074,23,0,35
Harrison Barnes,SAS,32,72,31,41,1949.4,844,291,582,50.0,125,299,41.8,137,174,78.7,93,178,271,121,42,26,14,63,1429,1,0,-17
Scoot Henderson,POR,21,66,30,36,1759.1,837,287,685,41.9,105,297,35.4,158,206,76.7,52,146,198,335,177,68,13,181,1643,2,0,-38
Bradley Beal,PHX,31,48,21,27,1544.6,832,318,630,50.5,92,233,39.5,104,128,81.3,33,131,164,174,92,49,25,123,1420,1,0,-236
Jalen Duren,DET,21,71,41,30,1844.4,832,342,490,69.8,0,0,0.0,148,219,67.6,248,478,726,182,122,49,80,232,2241,36,0,62
Kyle Kuzma,MIL,29,56,17,39,1689.4,826,317,749,42.3,76,268,28.4,116,182,63.7,46,294,340,133,126,31,13,100,1440,6,0,-408
Aaron Wiggins,OKC,26,70,58,12,1587.5,819,321,654,49.1,120,308,39.0,57,69,82.6,76,188,264,119,59,55,18,90,1474,2,0,483
Buddy Hield,GSW,32,73,42,31,1677.8,817,293,702,41.7,180,487,37.0,51,62,82.3,43,193,236,126,87,63,21,118,1454,0,0,85
Ty Jerome,CLE,27,67,54,13,1322.2,816,294,578,50.9,103,239,43.1,125,144,86.8,48,119,167,224,85,77,2,98,1504,0,0,285
Naji Marshall,DAL,27,61,29,32,1668.3,814,322,632,50.9,56,199,28.1,114,140,81.4,69,227,296,175,96,65,9,97,1558,6,0,-87
Jakob Poeltl,TOR,29,55,21,34,1630.7,802,353,560,63.0,1,3,33.3,95,142,66.9,181,350,531,154,105,65,68,171,1964,22,0,-24
Zaccharie Risacher,ATL,19,66,33,33,1625.2,796,301,671,44.9,102,295,34.6,92,129,71.3,78,162,240,83,84,48,32,126,1365,1,0,-126
Spencer Dinwiddie,DAL,31,72,35,37,1908.3,794,259,614,42.2,99,295,33.6,177,220,80.5,16,162,178,296,90,66,16,108,1608,3,0,-127
Fred VanVleet,HOU,31,55,38,17,1942.9,793,269,706,38.1,148,428,34.6,107,129,82.9,32,182,214,305,80,87,24,130,1760,4,0,250
Jimmy Butler III,GSW,35,46,30,16,1447.4,789,251,512,49.0,24,88,27.3,263,320,82.2,111,152,263,250,63,53,16,45,1624,6,3,175
Toumani Camara,POR,24,71,29,42,2331.8,780,289,636,45.4,117,316,37.0,85,118,72.0,160,251,411,156,101,109,47,211,1874,3,0,-142
Gradey Dick,TOR,21,54,15,39,1587.4,777,265,647,41.0,114,326,35.0,133,155,85.8,44,149,193,98,83,48,10,120,1247,0,0,-210
Jaylen Wells,MEM,21,73,44,29,1888.6,774,271,636,42.6,131,367,35.7,101,123,82.1,79,163,242,123,67,40,8,137,1326,1,0,153
Jonas Valaninas,SAC,32,72,19,53,1414.1,774,317,584,54.3,8,35,22.9,132,151,87.4,176,402,578,154,113,35,45,162,1826,19,0,-328
Alex Sarr,WAS,19,58,11,47,1569.3,759,283,705,40.1,96,293,32.8,97,149,65.1,117,270,387,132,93,39,89,129,1712,9,0,-496
John Collins,UTA,27,40,12,28,1220.5,758,280,531,52.7,59,148,39.9,139,164,84.8,89,238,327,80,103,39,40,116,1404,13,0,-16
Tyus Jones,PHX,28,73,35,38,2018.9,756,278,618,45.0,151,362,41.7,49,55,89.1,39,140,179,405,87,62,7,61,1698,6,0,-52
P.J. Washington,DAL,26,51,29,22,1653.9,755,272,609,44.7,82,217,37.8,129,176,73.3,78,324,402,117,104,60,54,122,1651,14,0,113
Duncan Robinson,MIA,30,68,28,40,1660.8,745,265,610,43.4,171,442,38.7,44,50,88.0,16,139,155,168,81,38,5,129,1231,0,0,40
Zion Williamson,NOP,24,30,10,20,857.3,737,288,508,56.7,3,13,23.1,158,241,65.6,76,140,216,159,90,37,27,82,1337,8,2,-42
Keon Johnson,BKN,23,72,23,49,1742.4,735,267,709,37.7,110,362,30.4,91,119,76.5,60,205,265,148,97,79,28,189,1499,0,0,-394
Obi Toppin,IND,27,70,41,29,1364.8,733,279,518,53.9,93,255,36.5,82,103,79.6,50,227,277,109,58,43,22,93,1366,2,0,-90
Gary Trent Jr.,MIL,26,66,37,29,1677.8,731,254,583,43.6,161,382,42.1,62,72,86.1,18,134,152,75,38,65,4,115,1195,0,0,23
Tim Hardaway Jr.,DET,33,69,39,30,1914.3,731,240,592,40.5,145,397,36.5,106,126,84.1,17,148,165,112,45,35,6,85,1175,0,0,57
Kristaps Porziis,BOS,29,37,25,12,1070.6,728,248,507,48.9,87,216,40.3,145,178,81.5,61,197,258,75,45,30,59,103,1372,6,0,134
Bilal Coulibaly,WAS,20,59,13,46,1947.5,727,263,624,42.1,63,224,28.1,138,185,74.6,91,203,294,199,125,78,41,139,1610,3,1,-587
Guerschon Yabusele,PHI,29,67,23,44,1792.4,726,266,532,50.0,100,260,38.5,94,128,73.4,129,251,380,138,85,53,23,158,1532,3,0,-114
Santi Aldama,MEM,24,57,35,22,1433.3,722,280,577,48.5,104,280,37.1,58,84,69.0,87,287,374,166,55,44,29,59,1584,10,0,227
D'Angelo Russell,BKN,29,56,25,31,1436.5,714,244,622,39.2,109,349,31.2,117,140,83.6,19,138,157,285,105,54,22,112,1453,3,0,-5
Rudy Gobert,MIN,32,64,36,28,2097.0,711,278,420,66.2,0,0,0.0,155,227,68.3,224,441,665,116,85,51,93,156,2030,30,0,261
Corey Kispert,WAS,26,61,14,47,1601.5,705,255,565,45.1,120,330,36.4,75,88,85.2,36,145,181,103,64,26,14,98,1133,0,0,-274
Derrick Jones Jr.,LAC,28,68,40,28,1661.8,703,279,530,52.6,70,192,36.5,75,105,71.4,84,153,237,51,58,69,30,138,1303,0,0,193
Georges Niang,ATL,31,71,51,20,1545.9,703,256,547,46.8,146,357,40.9,45,57,78.9,46,214,260,102,69,27,13,181,1219,1,0,206
Amir Coffey,LAC,27,70,40,30,1740.1,695,240,510,47.1,101,247,40.9,114,127,89.8,32,127,159,77,44,40,7,119,1098,0,0,-45
Julian Champagnie,SAS,23,72,31,41,1663.4,692,234,569,41.1,149,414,36.0,75,83,90.4,64,213,277,97,65,59,30,98,1372,0,0,5
Rui Hachimura,LAL,27,53,32,21,1674.7,689,261,515,50.7,89,215,41.4,78,102,76.5,74,196,270,76,46,42,24,94,1279,1,0,118
Nickeil Alexander-Walker,MIN,26,74,42,32,1851.2,683,241,550,43.8,127,326,39.0,74,94,78.7,44,190,234,187,92,46,26,123,1368,1,0,210
Jalen Johnson,ATL,23,36,18,18,1284.2,680,271,542,50.0,44,141,31.2,94,126,74.6,62,297,359,181,106,56,36,67,1552,20,1,55
Scotty Pippen Jr.,MEM,24,71,43,28,1481.1,679,250,523,47.8,74,193,38.3,105,146,71.9,60,181,241,314,123,96,26,176,1682,9,1,73
Jerami Grant,POR,31,47,22,25,1523.6,677,214,574,37.3,108,296,36.5,141,166,84.9,26,137,163,101,65,41,46,109,1220,0,0,-202
Nic Claxton,BKN,25,65,18,47,1773.0,668,295,533,55.3,3,19,15.8,75,145,51.7,151,343,494,145,85,56,98,142,1855,13,0,-473
Bub Carrington,WAS,19,73,16,57,2133.4,666,248,628,39.5,113,344,32.8,57,70,81.4,31,265,296,303,121,50,18,171,1559,4,0,-718
Max Christie,DAL,22,70,37,33,1914.7,666,223,519,43.0,105,282,37.2,115,134,85.8,36,193,229,135,76,59,28,110,1328,0,0,-65
Paul George,PHI,34,41,15,26,1333.6,665,245,570,43.0,96,268,35.8,79,97,81.4,24,195,219,178,106,75,20,101,1374,3,0,-83
Caris LeVert,ATL,30,56,42,14,1395.1,660,239,512,46.7,94,247,38.1,88,125,70.4,34,138,172,191,66,50,28,83,1321,1,0,252
Terry Rozier,MIA,31,59,24,35,1570.6,660,241,608,39.6,88,293,30.0,90,105,85.7,40,182,222,157,76,35,14,73,1233,0,0,-154
Jalen Wilson,BKN,24,73,22,51,1860.8,656,217,558,38.9,99,316,31.3,123,148,83.1,69,169,238,125,76,37,4,152,1176,0,0,-267
Anthony Black,ORL,21,70,33,37,1677.1,655,230,539,42.7,55,174,31.6,140,185,75.7,46,152,198,216,123,71,41,150,1430,0,0,-88
Dalton Knecht,LAL,23,70,41,29,1401.9,652,237,515,46.0,118,317,37.2,60,80,75.0,32,170,202,64,34,24,6,89,1046,0,0,-68
Brice Sensabaugh,UTA,21,64,13,51,1211.1,650,237,507,46.7,127,303,41.9,49,55,89.1,35,141,176,87,95,37,6,93,1026,0,0,-229
Jonathan Kuminga,GSW,22,40,23,17,1018.5,650,232,510,45.5,43,135,31.9,143,216,66.2,49,139,188,92,61,36,19,77,1118,2,0,-30
Donte DiVincenzo,MIN,28,55,31,24,1452.4,645,221,532,41.5,154,394,39.1,49,62,79.0,30,178,208,207,83,67,13,100,1362,1,0,143
Moses Moody,GSW,22,65,39,26,1418.1,645,219,502,43.6,111,299,37.1,96,120,80.0,44,117,161,85,43,44,26,97,1133,0,0,104
Luguentz Dort,OKC,25,65,53,12,1896.4,644,231,539,42.9,149,373,39.9,33,44,75.0,87,182,269,108,45,73,38,193,1417,0,0,501
T.J. McConnell,IND,33,70,42,28,1251.8,644,288,556,51.8,15,46,32.6,53,71,74.6,39,134,173,315,99,77,17,70,1507,2,0,-43
Isaiah Joe,OKC,25,66,56,10,1400.4,638,220,512,43.0,162,403,40.2,36,46,78.3,36,136,172,101,34,42,9,105,1115,0,0,492
Royce O'Neale,PHX,31,68,32,36,1693.2,636,225,518,43.4,167,396,42.2,19,26,73.1,51,278,329,149,60,65,31,138,1482,1,0,-62
Jabari Smith Jr.,HOU,21,52,36,16,1574.3,633,221,511,43.2,90,254,35.4,101,123,82.1,93,248,341,53,54,22,41,113,1257,6,0,180
Bobby Portis,MIL,30,46,27,19,1160.1,631,258,557,46.3,60,165,36.4,55,67,82.1,83,300,383,102,56,31,25,87,1356,9,0,68
Walker Kessler,UTA,23,57,14,43,1712.6,630,273,409,66.7,6,33,18.2,78,147,53.1,261,434,695,96,86,34,136,128,2032,27,0,-298
Daniel Gafford,DAL,26,51,26,25,1115.1,627,253,362,69.9,0,0,0.0,121,173,69.9,139,211,350,73,61,21,96,136,1447,8,0,48
Aaron Gordon,DEN,29,45,30,15,1230.1,626,220,417,52.8,67,146,45.9,119,149,79.9,69,150,219,139,62,20,10,71,1125,3,0,246
Chris Paul,SAS,39,72,31,41,2018.5,625,211,502,42.0,125,328,38.1,78,83,94.0,29,230,259,550,109,92,16,129,1976,12,0,40
Kevin Porter Jr.,MIL,24,67,36,31,1271.5,625,244,562,43.4,44,152,28.9,93,126,73.8,33,202,235,215,125,66,13,101,1342,1,1,-33
Tari Eason,HOU,23,51,33,18,1292.1,624,244,500,48.8,58,167,34.7,78,99,78.8,117,214,331,71,58,90,44,124,1472,6,0,159
Kawhi Leonard,LAC,33,30,19,11,925.3,615,239,484,49.4,62,152,40.8,75,94,79.8,30,143,173,92,58,45,15,44,1083,4,0,183
Jrue Holiday,BOS,34,56,41,15,1709.3,612,229,520,44.0,94,281,33.5,60,66,90.9,65,169,234,212,73,62,26,94,1402,1,0,247
Yves Missi,NOP,20,68,18,50,1828.2,611,245,451,54.3,0,1,0.0,121,190,63.7,237,313,550,88,79,35,93,137,1708,12,0,-471
Keon Ellis,SAC,25,71,35,36,1687.8,605,205,420,48.8,125,287,43.6,70,82,85.4,53,132,185,106,67,108,54,153,1405,0,0,66
Jordan Hawkins,NOP,22,56,18,38,1320.5,604,207,556,37.2,110,332,33.1,80,98,81.6,25,133,158,66,58,30,23,51,994,0,0,-317
Kentavious Caldwell-Pope,ORL,32,70,33,37,2113.2,601,215,504,42.7,98,303,32.3,73,85,85.9,30,124,154,123,55,87,31,131,1269,0,0,-22
Jordan Clarkson,UTA,32,37,10,27,962.5,600,201,493,40.8,84,232,36.2,114,143,79.7,25,93,118,138,86,31,9,52,983,0,0,-204
Cam Thomas,BKN,23,25,8,17,781.2,599,199,454,43.8,68,195,34.9,133,151,88.1,15,68,83,94,62,15,2,44,829,1,0,-92
Jeremy Sochan,SAS,21,52,21,31,1314.4,597,246,453,54.3,28,85,32.9,77,113,68.1,122,220,342,124,81,43,27,125,1322,8,0,-72
Mark Williams,CHA,23,39,8,31,1017.9,597,240,396,60.6,0,1,0.0,117,146,80.1,119,275,394,101,54,28,51,93,1404,18,0,-230
Kyle Filipowski,UTA,21,65,12,53,1315.1,592,219,420,52.1,70,181,38.7,84,131,64.1,88,276,364,124,90,41,12,145,1284,10,0,-278
Ziaire Williams,BKN,23,58,19,39,1435.3,592,201,490,41.0,97,284,34.2,93,112,83.0,60,213,273,80,61,56,24,140,1219,2,0,-331
Ochai Agbaji,TOR,24,59,17,42,1589.1,590,235,473,49.7,87,223,39.0,33,47,70.2,54,171,225,92,47,46,29,114,1176,0,0,-213
Kevin Huerter,CHI,26,62,33,29,1466.5,588,221,532,41.5,113,348,32.5,33,45,73.3,29,158,187,130,59,62,22,106,1200,0,0,69
Cole Anthony,ORL,24,61,30,31,1135.3,585,215,508,42.3,68,195,34.9,87,106,82.1,43,143,186,175,99,42,27,141,1179,0,0,-13
Taurean Prince,MIL,31,72,39,33,1933.3,585,210,461,45.6,133,299,44.5,32,38,84.2,32,228,260,145,75,66,12,145,1274,1,0,-2
Andrew Nembhard,IND,25,57,37,20,1657.3,584,219,466,47.0,47,148,31.8,99,125,79.2,30,154,184,291,104,71,10,129,1380,2,0,209
Isaiah Hartenstein,OKC,26,51,45,6,1445.6,582,252,440,57.3,0,17,0.0,78,114,68.4,150,413,563,201,91,41,56,152,1759,28,0,398
Brandin Podziemski,GSW,22,55,32,23,1431.3,581,219,512,42.8,83,248,33.5,60,81,74.1,56,214,270,183,59,59,12,81,1334,2,0,180
Deandre Ayton,POR,26,40,17,23,1205.6,576,265,468,56.6,6,32,18.8,40,60,66.7,124,282,406,64,69,31,39,88,1300,20,0,-162
Grayson Allen,PHX,29,56,28,28,1355.0,576,183,411,44.5,131,305,43.0,79,98,80.6,29,141,170,117,60,48,19,84,1097,1,0,-10
Julian Strawther,DEN,22,61,39,22,1350.9,572,205,472,43.4,94,263,35.7,68,82,82.9,16,116,132,81,57,38,15,146,954,0,0,-35
Brandon Miller,CHA,22,27,8,19,923.6,568,198,491,40.3,104,293,35.5,68,79,86.1,25,106,131,98,76,29,20,74,943,2,0,-124
Jalen Suggs,ORL,23,35,20,15,1002.5,567,197,481,41.0,76,242,31.4,97,110,88.2,23,118,141,129,102,51,33,98,1080,0,0,3
Ayo Dosunmu,CHI,25,46,17,29,1393.9,566,221,449,49.2,62,189,32.8,62,79,78.5,26,135,161,208,69,43,18,105,1185,1,1,-234
Miles McBride,NYK,24,59,37,22,1470.6,557,202,496,40.7,104,280,37.1,49,60,81.7,44,105,149,169,39,56,17,96,1169,0,0,196
Luke Kennard,MEM,28,58,34,24,1324.7,553,198,409,48.4,109,247,44.1,48,54,88.9,35,129,164,200,69,46,5,53,1134,0,0,134
Kyshawn George,WAS,21,64,14,50,1715.3,552,189,513,36.8,107,333,32.1,67,88,76.1,49,224,273,161,95,66,50,193,1374,1,0,-349
Matas Buzelis,CHI,20,71,33,38,1249.5,552,203,464,43.8,75,224,33.5,71,83,85.5,48,177,225,60,57,20,60,116,1095,0,0,-65
Wendell Carter Jr.,ORL,25,61,26,35,1586.3,550,200,440,45.5,32,142,22.5,118,159,74.2,138,319,457,124,70,41,35,180,1442,10,0,-32
Isaiah Collier,UTA,20,67,14,53,1706.2,544,210,504,41.7,39,153,25.5,85,129,65.9,29,191,220,412,199,61,13,140,1449,9,0,-353
Dejounte Murray,NOP,28,31,9,22,1012.1,542,194,494,39.3,52,174,29.9,102,124,82.3,17,183,200,228,106,63,12,61,1243,8,1,-207
Zach Edey,MEM,22,58,32,26,1193.1,536,220,385,57.1,18,47,38.3,78,106,73.6,203,238,441,54,73,31,71,154,1379,9,0,99
Brandon Clarke,MEM,28,64,40,24,1206.9,534,236,380,62.1,1,17,5.9,61,87,70.1,127,199,326,66,41,52,36,145,1247,2,0,181
Draymond Green,GSW,35,59,36,23,1716.1,533,187,440,42.5,67,211,31.8,92,134,68.7,65,296,361,336,149,86,63,189,1768,5,0,227
Jaden Ivey,DET,23,30,14,16,898.0,528,190,413,46.0,63,154,40.9,85,116,73.3,40,84,124,119,89,28,11,67,883,0,0,-62
Mike Conley,MIN,37,63,37,26,1557.3,527,169,416,40.6,117,280,41.8,72,79,91.1,28,134,162,281,68,75,13,95,1339,1,0,214
Immanuel Quickley,TOR,25,30,11,19,849.8,525,169,402,42.0,78,205,38.0,109,126,86.5,14,92,106,173,55,21,4,58,932,2,0,-32
Nick Smith Jr.,CHA,20,54,13,41,1223.1,516,197,508,38.8,90,272,33.1,32,35,91.4,12,98,110,118,75,17,6,70,819,0,0,-336
Peyton Watson,DEN,22,62,37,25,1493.4,513,189,392,48.2,46,124,37.1,89,128,69.5,46,167,213,92,51,47,83,112,1246,0,0,-1
Cason Wallace,OKC,21,62,51,11,1705.5,510,208,441,47.2,68,190,35.8,26,32,81.3,65,149,214,155,54,108,33,137,1368,0,0,352
Ausar Thompson,DET,22,52,32,20,1124.0,505,211,386,54.7,10,42,23.8,73,117,62.4,98,160,258,114,74,88,31,145,1269,2,0,73
Sam Hauser,BOS,27,62,45,17,1319.7,505,179,394,45.4,141,337,41.8,6,6,100.0,39,152,191,56,20,37,11,77,942,0,0,298
Chris Boucher,TOR,32,50,18,32,862.3,502,182,370,49.2,70,193,36.3,68,87,78.2,70,154,224,33,29,24,25,68,938,3,0,5
Jaime Jaquez Jr.,MIA,24,60,27,33,1271.7,499,183,415,44.1,31,105,29.5,102,135,75.6,74,188,262,148,91,56,13,76,1151,2,1,-181
Nick Richards,PHX,27,52,17,35,1148.2,497,192,323,59.4,0,2,0.0,113,153,73.9,133,299,432,48,76,11,53,127,1203,15,0,-183
Tristan da Silva,ORL,23,69,32,37,1530.0,497,185,446,41.5,74,224,33.0,53,61,86.9,69,161,230,102,53,30,16,88,1011,1,0,-94
Kel'el Ware,MIA,20,55,23,32,1177.7,495,213,383,55.6,31,100,31.0,38,55,69.1,91,292,383,51,51,34,60,92,1262,11,0,-19
Davion Mitchell,MIA,26,66,21,45,1772.3,494,188,403,46.7,73,181,40.3,45,67,67.2,31,112,143,308,115,56,14,165,1223,1,0,-70
Nikola Jovi,MIA,21,46,21,25,1155.7,494,172,377,45.6,78,210,37.1,72,87,82.8,26,154,180,131,60,38,13,82,1000,0,0,-20
Josh Green,CHA,24,66,16,50,1853.7,489,175,412,42.5,93,243,38.3,46,68,67.6,55,114,169,104,67,74,15,162,1048,0,0,-366
Ronald Holland II,DET,19,74,42,32,1162.5,489,185,386,47.9,34,145,23.4,85,112,75.9,36,163,199,75,67,45,12,131,944,0,0,-45
Clint Capela,ATL,30,55,27,28,1176.4,488,218,390,55.9,0,1,0.0,52,97,53.6,174,295,469,62,47,34,53,106,1358,11,0,-79
AJ Green,MIL,25,66,37,29,1494.7,486,164,388,42.3,138,333,41.4,20,24,83.3,16,134,150,97,37,36,6,144,901,0,0,111
Bogdan Bogdanovi,LAC,32,45,25,20,1136.9,485,176,421,41.8,86,251,34.3,47,54,87.0,20,116,136,122,67,34,10,104,896,1,0,53
Jalen Smith,CHI,25,59,25,34,888.4,483,174,372,46.8,70,209,33.5,65,80,81.3,82,246,328,60,34,15,41,91,1101,2,0,-44
Al Horford,BOS,38,56,40,16,1541.7,481,174,416,41.8,101,284,35.6,32,36,88.9,74,263,337,120,42,35,49,77,1275,5,0,358
Patrick Williams,CHI,23,54,25,29,1374.4,481,172,448,38.4,81,234,34.6,56,78,71.8,40,170,210,109,70,41,31,77,1043,1,0,-190
Jose Alvarado,NOP,26,50,18,32,1200.8,479,169,427,39.6,97,262,37.0,44,55,80.0,22,96,118,232,62,67,13,85,1147,1,0,-151
Johnny Juzang,UTA,24,57,14,43,1064.4,477,170,389,43.7,96,258,37.2,41,49,83.7,36,126,162,59,30,29,7,108,838,0,0,-249
Sam Merrill,CLE,28,65,50,15,1265.8,465,157,389,40.4,123,335,36.7,28,29,96.6,35,105,140,94,30,46,12,112,918,0,0,313
Tyrese Martin,BKN,26,55,14,41,1191.7,463,167,417,40.0,90,255,35.3,39,50,78.0,52,147,199,105,64,31,8,70,912,1,0,-256
Dorian Finney-Smith,LAL,31,55,30,25,1566.7,462,166,373,44.5,104,261,39.8,26,41,63.4,74,145,219,74,51,52,18,122,995,0,0,229
Goga Bitadze,ORL,25,63,33,30,1314.8,461,191,307,62.2,3,24,12.5,76,121,62.8,151,275,426,121,68,46,93,142,1503,14,0,24
Cameron Payne,NYK,30,66,43,23,980.6,460,165,404,40.8,87,238,36.6,43,48,89.6,13,83,96,181,46,36,15,100,954,0,0,183
Jamal Shead,TOR,22,68,26,42,1269.8,460,178,424,42.0,63,191,33.0,41,55,74.5,25,76,101,264,103,45,9,139,1036,1,0,-216
Jake LaRavia,SAC,23,66,40,26,1349.3,458,160,337,47.5,60,142,42.3,78,115,67.8,90,169,259,158,86,62,23,132,1175,2,0,126
Joel Embiid,PHI,31,19,8,11,574.4,452,140,315,44.4,23,77,29.9,149,169,88.2,36,119,155,85,62,14,18,42,800,7,1,-57
Ricky Council IV,PHI,23,64,15,49,1047.1,452,151,387,39.0,50,183,27.3,100,124,80.6,40,126,166,81,40,30,12,64,859,2,0,-86
Brandon Boston,NOP,23,42,8,34,992.8,448,166,381,43.6,49,140,35.0,67,85,78.8,28,106,134,92,52,53,9,73,881,0,0,-140
Dalano Banton,POR,25,59,24,35,868.7,447,157,379,41.4,60,165,36.4,73,101,72.3,22,86,108,123,66,40,27,43,896,0,0,-26
Khris Middleton,WAS,33,37,18,19,843.2,440,160,337,47.5,48,133,36.1,72,84,85.7,13,124,137,150,56,35,8,75,902,0,0,39
Terance Mann,ATL,28,58,32,26,1212.1,434,172,349,49.3,53,141,37.6,37,56,66.1,56,113,169,103,41,38,15,113,909,0,0,-148
Jaden Hardy,DAL,22,51,27,24,787.3,432,158,359,44.0,67,169,39.6,49,71,69.0,8,71,79,68,71,24,5,82,645,0,0,-2
Ryan Dunn,PHX,22,66,31,35,1194.1,432,174,399,43.6,69,216,31.9,15,35,42.9,68,153,221,50,31,34,38,141,957,1,0,-150
Aaron Nesmith,IND,25,37,22,15,915.1,426,153,299,51.2,69,157,43.9,51,56,91.1,27,113,140,50,33,27,13,95,756,0,0,186
Max Strus,CLE,29,44,34,10,1105.0,418,146,331,44.1,100,258,38.8,26,30,86.7,43,144,187,133,41,25,10,91,906,0,0,213
Justin Champagnie,WAS,23,53,14,39,1052.9,416,158,319,49.5,57,151,37.7,43,59,72.9,85,184,269,50,43,51,31,91,1017,4,0,-236
Jay Huff,MEM,27,58,34,24,698.5,414,147,285,51.6,78,189,41.3,42,54,77.8,27,96,123,36,31,14,50,75,777,0,0,24
Isaiah Stewart,DET,23,68,37,31,1341.9,411,167,295,56.6,14,45,31.1,63,83,75.9,124,252,376,113,63,26,94,167,1329,2,0,21
Simone Fontecchio,DET,29,67,36,31,1131.5,410,139,340,40.9,69,204,33.8,63,77,81.8,43,155,198,60,48,28,11,89,807,0,0,27
Haywood Highsmith,MIA,28,65,30,35,1593.5,409,152,329,46.2,75,192,39.1,30,40,75.0,54,153,207,96,48,65,36,143,1056,0,0,27
Jared Butler,PHI,24,51,5,46,790.6,407,153,341,44.9,40,121,33.1,61,74,82.4,21,68,89,165,58,28,10,75,817,0,0,-101
Noah Clowney,BKN,20,45,10,35,1023.1,407,129,360,35.8,84,253,33.2,65,78,83.3,42,134,176,39,46,24,21,101,766,0,0,-274
Kris Dunn,LAC,31,65,37,28,1548.4,402,164,381,43.0,59,191,30.9,15,22,68.2,49,175,224,193,65,113,24,171,1306,0,0,187
Brandon Ingram,TOR,27,18,5,13,595.0,400,155,333,46.5,43,115,37.4,47,55,85.5,17,83,100,93,69,16,11,45,672,0,0,-128
Gabe Vincent,LAL,28,64,40,24,1355.0,398,147,368,39.9,92,263,35.0,12,18,66.7,15,63,78,89,38,46,12,136,761,0,0,19
Day'Ron Sharpe,BKN,23,50,14,36,907.5,397,165,317,52.1,11,45,24.4,56,74,75.7,149,181,330,91,63,41,42,113,1116,4,0,64
Justin Edwards,PHI,21,39,11,28,1016.9,397,152,330,46.1,63,171,36.8,30,42,71.4,42,85,127,59,38,38,15,86,759,1,0,-222
Cam Whitmore,HOU,20,44,26,18,713.5,395,147,350,42.0,53,161,32.9,48,65,73.8,31,100,131,40,37,28,12,41,695,2,0,23
Chet Holmgren,OKC,22,26,22,4,707.3,386,138,280,49.3,33,93,35.5,77,107,72.0,42,177,219,48,47,20,60,54,914,9,0,239
Moritz Wagner,ORL,27,30,18,12,564.2,386,140,249,56.2,27,75,36.0,79,110,71.8,40,108,148,42,49,24,12,55,686,1,0,-17
Trayce Jackson-Davis,GSW,25,56,29,27,930.2,382,164,287,57.1,0,1,0.0,54,92,58.7,114,182,296,100,41,22,38,69,1026,4,0,-76
Gary Payton II,GSW,32,58,34,24,865.6,380,162,277,58.5,29,88,33.0,27,38,71.1,49,124,173,76,35,46,17,101,856,0,0,36
Trey Lyles,SAC,29,60,30,30,1100.8,380,132,322,41.0,70,206,34.0,46,64,71.9,68,202,270,71,33,34,21,74,943,1,0,-67
Ja'Kobe Walter,TOR,20,47,17,30,962.6,376,135,343,39.4,50,159,31.4,56,73,76.7,48,85,133,67,42,33,8,85,717,1,0,-86
Seth Curry,CHA,34,62,16,46,927.2,376,140,301,46.5,72,158,45.6,24,29,82.8,24,74,98,49,27,25,7,55,636,0,0,-140
Thomas Bryant,IND,27,57,37,20,837.9,376,143,280,51.1,42,126,33.3,48,57,84.2,76,150,226,50,28,24,34,66,868,1,0,13
Jarace Walker,IND,21,66,38,28,997.0,369,135,293,46.1,57,149,38.3,42,64,65.6,23,163,186,90,69,48,22,104,868,0,0,-133
Donovan Clingan,POR,21,59,25,34,1095.2,362,149,274,54.4,11,37,29.7,53,88,60.2,178,257,435,60,66,27,96,163,1277,6,0,-32
Kenrich Williams,OKC,30,60,51,9,936.7,353,136,279,48.7,57,143,39.9,24,29,82.8,55,143,198,78,32,34,9,95,805,1,0,308
Jared McCain,PHI,21,23,7,16,591.8,352,126,274,46.0,51,133,38.3,49,56,87.5,13,43,56,60,37,15,0,37,517,1,0,-27
Luke Kornet,BOS,29,65,47,18,1175.2,352,147,218,67.4,0,2,0.0,58,83,69.9,154,176,330,102,28,32,65,101,1164,1,0,324
Trendon Watford,BKN,24,36,13,23,706.9,348,128,275,46.5,22,72,30.6,70,93,75.3,27,93,120,88,61,25,9,77,665,1,0,-51
Zach Collins,CHI,27,55,28,27,824.0,348,130,255,51.0,26,88,29.5,62,71,87.3,85,145,230,90,49,27,27,115,872,4,0,-32
Jeremiah Robinson-Earl,NOP,24,58,16,42,1042.9,347,130,279,46.6,46,132,34.8,41,49,83.7,90,167,257,72,40,34,7,70,846,2,0,-254
Jaxson Hayes,LAL,24,48,32,16,957.6,346,145,198,73.2,0,3,0.0,56,85,65.9,67,162,229,55,36,27,47,116,889,2,0,81
Moussa Diabat,CHA,23,64,14,50,1114.7,342,143,240,59.6,0,4,0.0,56,96,58.3,176,221,397,54,53,41,38,97,1083,6,0,-116
Garrison Mathews,ATL,28,46,20,26,792.9,341,98,248,39.5,82,211,38.9,63,77,81.8,13,70,83,59,29,26,14,79,620,0,0,-68
Jonathan Isaac,ORL,27,64,30,34,979.8,341,120,297,40.4,38,145,26.2,63,93,67.7,106,178,284,31,27,55,70,81,1076,1,0,-71
Jusuf Nurki,CHA,30,43,17,26,896.1,341,122,265,46.0,26,86,30.2,71,105,67.6,71,273,344,93,79,35,28,110,1003,9,0,-130
Cody Martin,PHX,29,46,15,31,1077.0,339,129,303,42.6,43,144,29.9,38,55,69.1,49,155,204,98,48,52,29,87,926,0,0,-44
Kelly Olynyk,NOP,33,40,11,29,801.1,339,120,239,50.2,31,75,41.3,68,86,79.1,55,137,192,118,70,30,17,113,817,2,0,-18
Vt Krej,ATL,24,48,23,25,983.6,333,117,254,46.1,72,178,40.4,27,40,67.5,16,110,126,129,44,31,25,95,802,1,0,-82
Alex Caruso,OKC,31,48,40,8,924.2,332,122,274,44.5,55,154,35.7,33,41,80.5,32,101,133,123,33,76,28,87,955,0,0,276
Javonte Green,CLE,31,61,19,42,1186.0,330,115,260,44.2,46,128,35.9,54,74,73.0,57,149,206,52,31,59,30,90,891,0,0,-220
Tre Jones,CHI,25,46,21,25,905.0,330,128,238,53.8,19,48,39.6,55,67,82.1,31,85,116,192,35,37,10,55,863,1,0,-31
Marcus Sasser,DET,24,52,29,23,716.3,329,120,255,47.1,53,136,39.0,36,43,83.7,16,45,61,114,46,32,4,64,635,0,0,52
Jamison Battle,TOR,23,51,18,33,812.9,322,113,270,41.9,80,202,39.6,16,18,88.9,31,91,122,41,18,11,8,74,569,0,0,-130
Ben Sheppard,IND,23,59,37,22,1159.0,316,115,273,42.1,64,187,34.2,22,25,88.0,41,125,166,77,21,34,13,121,751,0,0,-77
Julian Phillips,CHI,21,71,32,39,993.0,314,108,251,43.0,44,136,32.4,54,70,77.1,62,86,148,33,25,33,18,96,669,0,0,-21
Precious Achiuwa,NYK,25,50,32,18,997.0,312,134,257,52.1,9,32,28.1,35,56,62.5,93,179,272,48,37,39,33,68,889,2,0,-37
Caleb Martin,DAL,29,37,14,23,1056.5,309,112,259,43.2,34,93,36.6,51,82,62.2,45,107,152,82,47,38,22,71,747,1,0,-120
Kevon Looney,GSW,29,67,39,28,1012.6,308,130,254,51.2,0,3,0.0,48,88,54.5,172,246,418,106,37,42,32,144,1154,2,0,64
Malcolm Brogdon,WAS,32,24,6,18,564.1,305,104,240,43.3,16,56,28.6,81,92,88.0,21,70,91,98,38,13,5,30,577,2,0,-121
Mason Plumlee,PHX,35,69,32,37,1215.4,305,116,191,60.7,0,3,0.0,73,113,64.6,110,320,430,123,55,30,44,147,1173,2,0,55
Quinten Post,GSW,25,35,21,14,587.7,305,111,238,46.6,66,154,42.9,17,21,81.0,34,100,134,52,31,15,17,73,609,0,0,23
Jonathan Mogbo,TOR,23,55,15,40,1031.4,303,117,270,43.3,15,55,27.3,54,75,72.0,95,151,246,99,51,43,27,115,906,0,0,-205
Shake Milton,LAL,28,53,27,26,785.6,297,109,237,46.0,37,102,36.3,42,53,79.2,30,70,100,99,37,23,3,65,607,1,0,-101
Bruce Brown,NOP,28,36,14,22,789.5,295,111,261,42.5,25,74,33.8,48,57,84.2,36,98,134,70,35,31,6,64,637,0,0,-203
Dean Wade,CLE,28,54,44,10,1152.3,294,103,249,41.4,73,205,35.6,15,28,53.6,51,187,238,70,20,38,20,93,839,1,0,260
Andre Drummond,PHI,31,40,12,28,750.6,293,117,234,50.0,3,20,15.0,56,90,62.2,109,201,310,34,55,39,18,94,832,5,0,-245
Dereck Lively II,DAL,21,32,19,13,768.4,292,124,177,70.1,0,0,0.0,44,69,63.8,99,152,251,84,39,17,54,94,893,7,0,124
Dalen Terry,CHI,22,66,29,37,853.4,291,107,231,46.3,32,87,36.8,45,65,69.2,35,69,104,83,45,36,14,99,645,0,0,-167
Sandro Mamukelashvili,SAS,25,51,20,31,482.4,291,105,202,52.0,50,121,41.3,31,44,70.5,47,89,136,35,18,18,14,47,585,0,0,32
Aaron Holiday,HOU,28,55,35,20,693.4,287,98,229,42.8,58,152,38.2,33,40,82.5,12,56,68,69,33,18,9,58,520,0,0,59
Marcus Smart,WAS,31,31,17,14,628.2,286,95,242,39.3,47,136,34.6,49,64,76.6,18,49,67,105,52,37,9,51,610,0,0,39
Nicolas Batum,LAC,36,71,41,30,1262.0,279,93,218,42.7,78,184,42.4,15,18,83.3,45,155,200,81,31,48,35,102,859,0,0,129
Tidjane Salan,CHA,19,51,11,40,989.4,279,90,270,33.3,46,158,29.1,53,73,72.6,64,164,228,54,46,27,12,63,705,2,0,-235
Kyle Anderson,MIA,31,52,25,27,783.6,275,108,232,46.6,23,62,37.1,36,50,72.0,42,119,161,117,30,33,24,62,785,1,0,-68
Neemias Queta,BOS,25,56,42,14,772.1,275,117,182,64.3,0,3,0.0,41,55,74.5,81,132,213,35,37,15,35,97,696,0,0,158
Isaac Okoro,CLE,24,48,39,9,903.0,272,97,218,44.5,46,127,36.2,32,45,71.1,41,65,106,62,21,27,16,92,600,0,0,214
Talen Horton-Tucker,CHI,24,50,20,30,553.7,270,98,223,43.9,35,96,36.5,39,57,68.4,15,69,84,64,33,17,10,49,515,0,0,-25
Vasilije Mici,PHX,31,39,8,31,775.2,269,95,273,34.8,45,125,36.0,34,41,82.9,20,69,89,127,76,15,0,45,535,1,0,-121
Svi Mykhailiuk,UTA,27,31,5,26,600.7,268,95,251,37.8,57,171,33.3,21,26,80.8,15,56,71,56,43,17,6,39,463,0,0,-49
Alec Burks,MIA,33,41,21,20,703.4,267,84,202,41.6,65,152,42.8,34,45,75.6,13,90,103,45,19,23,6,29,526,0,0,54
Lonzo Ball,CHI,27,35,16,19,777.0,267,89,243,36.6,67,195,34.4,22,27,81.5,25,93,118,115,41,47,17,55,732,0,0,100
Eric Gordon,PHI,36,39,12,27,768.5,266,87,204,42.6,56,137,40.9,36,48,75.0,8,38,46,65,28,26,12,32,505,0,0,-72
Ryan Rollins,MIL,22,48,23,25,630.6,263,100,211,47.4,35,94,37.2,28,35,80.0,20,64,84,71,40,34,16,70,580,0,0,95
Drew Eubanks,LAC,28,54,18,36,697.3,258,105,177,59.3,3,6,50.0,45,69,65.2,55,156,211,50,37,11,37,57,693,0,0,-132
KJ Martin,UTA,24,41,11,30,861.8,256,103,185,55.7,14,51,27.5,36,46,78.3,29,91,120,44,22,16,22,99,558,0,0,-125
Jeff Dowtin Jr.,PHI,27,39,9,30,562.4,253,100,204,49.0,24,61,39.3,29,39,74.4,12,48,60,72,14,20,11,27,512,0,0,-113
DaQuan Jeffries,CHA,27,38,8,30,831.4,251,94,229,41.0,44,127,34.6,19,23,82.6,30,74,104,42,27,21,22,86,541,0,0,-152
Jaylin Williams,OKC,22,43,36,7,722.0,251,88,203,43.3,54,141,38.3,21,28,75.0,44,199,243,106,30,19,27,72,810,3,2,261
Ben Simmons,LAC,28,45,21,24,1036.9,250,113,215,52.6,0,0,0.0,24,33,72.7,43,181,224,270,96,37,22,99,1005,1,0,-46
Karlo Matkovi,NOP,23,36,11,25,654.7,247,101,177,57.1,16,46,34.8,29,37,78.4,59,115,174,37,38,17,36,90,632,3,0,-77
Brandon Williams,DAL,25,30,13,17,441.9,246,88,170,51.8,22,57,38.6,48,57,84.2,11,41,52,70,34,22,3,29,454,0,0,3
Jabari Walker,POR,22,52,19,33,597.5,241,91,180,50.6,23,60,38.3,36,54,66.7,51,127,178,31,25,28,6,73,578,1,0,4
Kris Murray,POR,24,61,27,34,861.2,238,98,227,43.2,23,95,24.2,19,46,41.3,64,85,149,52,34,31,13,55,593,0,0,-55
Orlando Robinson,TOR,24,38,20,18,627.9,238,91,208,43.8,11,35,31.4,45,58,77.6,71,115,186,61,41,15,14,80,599,4,0,-106
Bol Bol,PHX,25,33,10,23,432.7,237,93,178,52.2,31,90,34.4,20,26,76.9,19,84,103,20,18,9,25,20,475,1,0,-29
Lindy Waters III,DET,27,48,26,22,704.2,232,84,224,37.5,56,164,34.1,8,11,72.7,17,82,99,47,20,25,10,58,506,0,0,19
Jett Howard,ORL,21,56,26,30,626.2,231,83,234,35.5,50,169,29.6,15,20,75.0,20,45,65,41,27,13,10,59,413,0,0,-86
Cody Williams,UTA,20,50,9,41,1059.6,230,83,257,32.3,35,135,25.9,29,40,72.5,27,86,113,59,44,23,16,95,527,0,0,-339
Josh Okogie,CHA,26,33,11,22,515.0,223,79,169,46.7,25,66,37.9,40,55,72.7,41,56,97,25,25,41,15,40,520,1,0,18
Richaun Holmes,WAS,31,29,8,21,516.3,220,85,133,63.9,0,3,0.0,50,60,83.3,60,109,169,42,21,8,22,47,555,3,0,-33
Ajay Mitchell,OKC,22,34,29,5,561.2,218,84,166,50.6,22,51,43.1,28,33,84.8,17,50,67,57,28,24,3,59,437,1,0,114
Rob Dillingham,MIN,20,44,25,19,504.1,217,92,207,44.4,25,73,34.2,8,15,53.3,12,37,49,96,51,19,1,37,429,0,0,10
Tristan Vukcevic,WAS,22,28,5,23,341.4,215,78,160,48.8,25,74,33.8,34,44,77.3,19,72,91,28,25,11,16,39,422,0,0,-71
Andre Jackson Jr.,MIL,23,61,34,27,914.9,214,87,185,47.0,29,74,39.2,11,20,55.0,61,111,172,77,53,33,13,109,621,0,0,-26
Gui Santos,GSW,22,48,30,18,660.0,210,76,157,48.4,33,91,36.3,25,36,69.4,56,91,147,64,37,19,9,78,529,0,0,125
Mont Morris,PHX,29,42,21,21,533.3,208,73,179,40.8,26,79,32.9,36,42,85.7,11,49,60,67,18,19,3,21,429,0,0,67
Herbert Jones,NOP,26,20,5,15,648.1,205,75,172,43.6,22,72,30.6,33,40,82.5,22,56,78,65,35,37,9,66,499,0,0,-20
Larry Nance Jr.,ATL,32,24,10,14,463.2,203,80,155,51.6,34,76,44.7,9,13,69.2,23,80,103,38,16,20,13,37,467,3,0,-95
Tosan Evbuomwan,BKN,24,22,7,15,515.8,202,72,167,43.1,17,57,29.8,41,55,74.5,26,62,88,36,31,16,7,39,400,0,0,-15
Olivier-Maxence Prosper,DAL,22,52,27,25,584.1,201,70,174,40.2,12,51,23.5,49,76,64.5,44,82,126,40,14,26,6,28,494,0,0,-104
Oso Ighodaro,PHX,22,53,24,29,848.5,201,88,147,59.9,0,2,0.0,25,43,58.1,51,135,186,57,32,23,22,87,613,0,0,54
Steven Adams,HOU,31,53,35,18,709.3,201,81,150,54.0,0,1,0.0,39,89,43.8,152,139,291,64,50,19,25,54,728,3,0,163
Adem Bona,PHI,22,49,11,38,627.1,199,77,114,67.5,0,0,0.0,45,66,68.2,65,103,168,20,34,16,45,96,580,1,0,-36
KJ Simpson,CHA,22,27,2,25,565.7,197,69,202,34.2,22,87,25.3,37,45,82.2,30,43,73,73,41,21,4,42,428,0,0,-176
GG Jackson,MEM,20,25,16,9,406.3,196,69,176,39.2,30,89,33.7,28,38,73.7,24,57,81,26,28,10,5,27,349,0,0,-68
Pelle Larsson,MIA,24,49,20,29,603.4,188,67,153,43.8,25,76,32.9,29,43,67.4,18,48,66,44,17,19,4,77,385,0,0,-37
DeAndre Jordan,DEN,36,50,34,16,612.1,185,83,125,66.4,0,0,0.0,19,46,41.3,73,175,248,49,38,14,22,65,626,2,0,-25
Duop Reath,POR,28,42,17,25,426.9,183,65,152,42.8,33,98,33.7,20,22,90.9,39,44,83,24,15,11,14,39,379,0,0,-25
Tre Mann,CHA,24,13,6,7,319.0,183,70,161,43.5,24,60,40.0,19,21,90.5,12,26,38,39,25,7,4,24,295,0,0,-55
Landry Shamet,NYK,28,41,25,16,555.6,177,69,153,45.1,32,94,34.0,7,13,53.8,7,34,41,22,17,20,2,42,308,0,0,37
Zeke Nnaji,DEN,24,53,35,18,560.9,175,68,134,50.7,16,48,33.3,23,38,60.5,32,54,86,21,12,23,38,59,481,0,0,-3
Reed Sheppard,HOU,20,45,26,19,536.2,174,65,196,33.2,31,111,27.9,13,16,81.3,16,47,63,54,28,28,15,42,432,0,0,-15
Antonio Reeves,NOP,22,36,5,31,399.0,173,65,143,45.5,31,77,40.3,12,15,80.0,14,26,40,25,19,13,3,19,288,0,0,-86
Caleb Houstan,ORL,22,50,23,27,602.5,172,56,147,38.1,47,127,37.0,13,14,92.9,14,35,49,21,6,16,3,52,313,0,0,-90
Kessler Edwards,DAL,24,40,17,23,608.5,168,67,135,49.6,22,54,40.7,12,13,92.3,22,93,115,42,16,19,20,62,470,1,0,-158
Jae'Sean Tate,HOU,29,47,34,13,530.5,167,62,135,45.9,12,38,31.6,31,45,68.9,47,62,109,40,19,24,6,77,429,0,0,26
Grant Williams,CHA,26,16,6,10,479.0,166,54,123,43.9,27,74,36.5,31,37,83.8,18,64,82,37,28,18,13,46,385,0,0,10
Dant Exum,DAL,29,18,6,12,344.1,164,60,125,48.0,21,47,44.7,23,31,74.2,4,26,30,50,19,12,3,31,301,0,0,-64
Daniel Theis,NOP,32,38,10,28,621.2,162,61,129,47.3,9,37,24.3,31,37,83.8,44,120,164,60,25,18,20,70,538,1,0,-61
Blake Wesley,SAS,22,48,20,28,483.7,161,61,133,45.9,13,42,31.0,26,40,65.0,10,29,39,90,41,27,4,29,395,0,0,35
Paul Reed,DET,25,39,21,18,354.4,159,62,116,53.4,8,23,34.8,27,34,79.4,35,64,99,36,20,36,19,58,477,0,0,58
Charles Bassey,SAS,24,34,14,20,362.6,157,68,116,58.6,0,0,0.0,21,33,63.6,56,95,151,17,23,14,29,47,470,2,0,-119
Malaki Branham,SAS,21,40,16,24,326.2,157,56,127,44.1,25,62,40.3,20,25,80.0,4,36,40,28,30,8,2,17,247,0,0,-52
Jock Landale,HOU,29,37,24,13,396.1,153,61,123,49.6,7,18,38.9,24,35,68.6,48,66,114,28,17,8,9,39,366,1,0,-40
Keaton Wallace,ATL,26,28,13,15,454.3,151,57,138,41.3,26,73,35.6,11,11,100.0,7,31,38,62,29,22,8,36,351,0,0,-32
Bones Hyland,MIN,24,23,10,13,237.3,149,47,118,39.8,32,82,39.0,23,26,88.5,5,19,24,32,25,18,4,29,267,0,0,-31
A.J. Lawson,TOR,24,18,11,7,324.5,148,51,132,38.6,24,74,32.4,22,34,64.7,12,42,54,16,8,6,4,29,259,1,0,-12
Jaylen Clark,MIN,23,32,21,11,452.5,148,53,109,48.6,22,49,44.9,20,26,76.9,22,21,43,21,5,35,2,52,337,0,0,21
Jordan Miller,LAC,25,34,18,16,411.2,148,57,131,43.5,8,37,21.6,26,33,78.8,23,35,58,34,24,17,5,25,311,0,0,-59
Vince Williams Jr.,MEM,24,21,8,13,393.4,147,55,138,39.9,20,77,26.0,17,22,77.3,17,58,75,43,29,11,5,37,321,0,0,2
Jalen Pickett,DEN,25,42,28,14,490.1,144,56,133,42.1,29,73,39.7,3,4,75.0,9,41,50,80,18,15,3,31,360,0,0,53
Pat Connaughton,MIL,32,35,14,21,489.5,143,54,125,43.2,20,64,31.3,15,19,78.9,17,75,92,57,20,7,10,35,370,0,0,-14
Ousmane Dieng,OKC,21,37,30,7,404.8,142,54,125,43.2,23,71,32.4,11,16,68.8,18,63,81,31,18,17,7,33,340,0,0,45
David Roddy,HOU,24,30,9,21,374.9,140,52,112,46.4,18,54,33.3,18,22,81.8,13,66,79,33,21,14,8,19,329,0,0,-64
Micah Potter,UTA,26,33,9,24,583.0,139,47,111,42.3,29,82,35.4,16,18,88.9,37,100,137,26,26,11,11,43,382,0,0,-60
Mouhamed Gueye,ATL,22,24,10,14,379.8,139,52,128,40.6,15,65,23.1,20,25,80.0,21,57,78,19,10,21,25,38,389,1,0,23
Craig Porter Jr.,CLE,25,46,37,9,409.4,138,54,99,54.5,16,35,45.7,14,19,73.7,13,40,53,61,25,16,13,21,355,0,0,-1
Mo Bamba,NOP,26,32,19,13,413.5,138,52,112,46.4,15,54,27.8,19,27,70.4,32,113,145,18,20,9,31,56,439,0,0,-75
Terrence Shannon Jr.,MIN,24,31,20,11,335.5,138,55,114,48.2,11,31,35.5,17,21,81.0,10,36,46,32,15,7,5,26,262,1,0,7
Cory Joseph,ORL,33,43,20,23,465.9,137,49,121,40.5,29,83,34.9,10,13,76.9,13,38,51,52,14,19,4,43,331,0,0,-2
Kai Jones,DAL,24,34,18,16,349.5,136,58,74,78.4,1,4,25.0,19,25,76.0,27,67,94,16,14,8,18,39,337,1,0,6
Reggie Jackson,PHI,34,31,11,20,384.0,136,52,133,39.1,25,74,33.8,7,9,77.8,8,34,42,45,17,16,3,34,294,0,0,-19
Jeff Green,HOU,38,27,18,9,328.2,133,48,95,50.5,20,58,34.5,17,20,85.0,9,37,46,13,8,5,4,26,227,0,0,-31
Kyle Lowry,PHI,39,33,14,19,623.1,133,39,111,35.1,28,83,33.7,27,33,81.8,11,54,65,93,20,31,10,61,454,0,0,-56
Luka Garza,MIN,26,35,24,11,212.1,131,50,103,48.5,10,36,27.8,21,31,67.7,31,21,52,10,11,6,3,28,224,0,0,-4
Jordan Goodwin,LAL,26,20,11,9,407.1,130,50,104,48.1,21,49,42.9,9,11,81.8,29,48,77,29,16,23,11,34,352,0,0,-26
Quenton Jackson,IND,26,25,13,12,315.8,127,48,97,49.5,12,30,40.0,19,25,76.0,13,24,37,47,14,16,5,39,291,0,0,-14
Wendell Moore Jr.,CHA,23,32,11,21,423.3,125,48,104,46.2,11,32,34.4,18,22,81.8,26,58,84,37,20,15,5,29,321,1,0,-96
Jaylon Tyson,CLE,22,42,34,8,371.2,124,47,106,44.3,14,42,33.3,16,20,80.0,31,49,80,38,19,9,2,43,291,1,0,0
Kevin Love,MIA,36,23,13,10,251.5,122,41,115,35.7,24,67,35.8,16,23,69.6,22,72,94,22,14,15,4,21,311,0,0,-25
Doug McDermott,SAC,33,37,18,19,290.0,121,41,95,43.2,36,82,43.9,3,5,60.0,2,16,18,4,6,4,2,27,161,0,0,20
Isaac Jones,SAC,24,34,15,19,263.1,121,48,72,66.7,2,6,33.3,23,36,63.9,18,31,49,11,14,4,9,27,221,0,0,-57
Trevelin Queen,ORL,28,28,12,16,386.0,121,45,128,35.2,16,66,24.2,15,17,88.2,22,23,45,33,21,27,10,37,315,0,0,-93
Isaiah Wong,CHA,24,20,2,18,265.5,120,41,105,39.0,13,33,39.4,25,34,73.5,14,18,32,28,18,11,0,21,215,0,0,-6
Collin Gillespie,PHX,25,25,11,14,274.2,117,42,87,48.3,21,46,45.7,12,13,92.3,14,33,47,53,8,7,3,24,275,1,0,32
Robert Williams III,POR,27,20,7,13,351.3,116,50,78,64.1,1,3,33.3,15,17,88.2,35,83,118,21,17,13,33,31,410,0,0,-17
Devin Carter,SAC,23,29,14,15,297.1,115,38,98,38.8,14,50,28.0,25,42,59.5,14,49,63,34,13,15,3,25,283,0,0,-5
Hunter Tyson,DEN,24,47,29,18,359.6,114,38,99,38.4,20,65,30.8,18,25,72.0,22,50,72,19,14,8,6,41,257,0,0,-75
Jarred Vanderbilt,LAL,25,28,19,9,465.3,114,45,90,50.0,9,30,30.0,15,28,53.6,47,92,139,37,21,29,7,55,423,0,0,46
AJ Johnson,WAS,20,20,6,14,317.7,113,43,105,41.0,13,44,29.5,14,17,82.4,6,34,40,47,17,8,1,17,242,0,0,-17
Dominick Barlow,ATL,21,27,9,18,279.6,113,46,90,51.1,6,21,28.6,15,22,68.2,25,38,63,12,3,7,14,30,267,1,0,-41
Jevon Carter,CHI,29,31,10,21,231.3,113,40,98,40.8,25,70,35.7,8,10,80.0,2,27,29,31,9,9,3,11,221,0,0,22
Gary Harris,ORL,30,40,22,18,614.2,112,39,109,35.8,27,85,31.8,7,12,58.3,17,38,55,25,12,24,11,38,309,0,0,41
Anthony Gill,WAS,32,47,6,41,316.4,109,36,67,53.7,8,23,34.8,29,44,65.9,10,37,47,14,10,8,2,26,206,0,0,-30
Dwight Powell,DAL,33,49,23,26,503.1,108,40,55,72.7,1,2,50.0,27,41,65.9,46,66,112,54,18,16,21,71,416,0,0,-11
Marvin Bagley III,MEM,26,26,5,21,215.5,107,43,84,51.2,3,15,20.0,18,27,66.7,32,35,67,7,11,7,7,14,229,0,0,-11
Cam Reddish,LAL,25,33,15,18,589.5,105,38,94,40.4,13,47,27.7,16,26,61.5,17,49,66,22,12,33,10,43,334,0,0,-91
Dillon Jones,OKC,23,45,38,7,422.1,105,39,110,35.5,13,57,22.8,14,24,58.3,23,66,89,46,17,10,3,41,303,0,0,45
Bismack Biyombo,SAS,32,20,7,13,356.5,103,47,72,65.3,0,0,0.0,9,19,47.4,31,73,104,26,17,13,15,36,334,3,0,-61
Maxi Kleber,LAL,33,34,18,16,636.9,103,37,96,38.5,13,49,26.5,16,21,76.2,25,70,95,43,23,9,17,66,337,0,0,-17
Patty Mills,LAC,36,27,10,17,305.4,103,33,90,36.7,24,71,33.8,13,14,92.9,3,18,21,25,17,13,3,21,197,0,0,-3
John Konchar,MEM,29,41,24,17,510.8,102,37,86,43.0,21,59,35.6,7,8,87.5,33,104,137,38,15,21,14,32,413,0,0,37
Torrey Craig,BOS,34,21,13,8,219.4,101,35,73,47.9,23,55,41.8,8,12,66.7,20,27,47,9,2,4,6,27,199,0,0,-41
Jericho Sims,MIL,26,53,34,19,631.2,98,45,71,63.4,0,0,0.0,8,13,61.5,71,126,197,33,33,10,19,65,438,0,0,25
Josh Minott,MIN,22,41,27,14,256.4,97,37,81,45.7,10,37,27.0,13,15,86.7,10,32,42,16,11,15,12,32,241,0,0,-35
Jamal Cain,NOP,26,29,5,24,323.8,93,31,80,38.8,14,45,31.1,17,26,65.4,20,36,56,16,12,13,8,29,235,0,0,-72
Damion Baugh,CHA,24,11,1,10,286.7,91,35,100,35.0,10,44,22.7,11,13,84.6,8,26,34,43,21,14,1,18,220,0,0,-141
Rayan Rupert,POR,20,44,19,25,313.6,89,32,82,39.0,10,37,27.0,15,20,75.0,21,25,46,18,21,8,2,24,180,0,0,-84
Trey Jemison III,LAL,25,33,14,19,354.5,88,38,70,54.3,0,0,0.0,12,31,38.7,38,54,92,14,18,8,14,64,267,0,0,-11
Dru Smith,MIA,27,14,8,6,268.2,87,31,61,50.8,16,30,53.3,9,12,75.0,12,24,36,23,17,21,6,30,229,0,0,38
Taj Gibson,CHA,39,29,9,20,319.6,86,37,74,50.0,1,2,50.0,11,16,68.8,43,57,100,16,20,8,12,44,270,1,0,-92
Lonnie Walker IV,PHI,26,11,2,9,203.3,85,29,82,35.4,17,51,33.3,10,12,83.3,4,29,33,20,12,6,3,7,170,1,0,-89
Christian Koloko,LAL,24,34,22,12,318.0,84,38,62,61.3,0,3,0.0,8,10,80.0,32,50,82,16,12,7,11,41,248,0,0,-11
Colby Jones,WAS,22,32,11,21,285.5,84,31,64,48.4,12,26,46.2,10,16,62.5,14,32,46,22,13,15,11,21,237,0,0,-46
Delon Wright,NYK,32,34,18,16,471.1,84,29,95,30.5,15,56,26.8,11,20,55.0,18,34,52,58,18,25,10,18,320,0,0,-5
Colin Castleton,TOR,24,20,14,6,304.9,83,29,67,43.3,2,12,16.7,23,28,82.1,36,47,83,18,22,7,9,32,236,0,0,-20
Pat Spencer,GSW,28,34,20,14,221.6,83,35,91,38.5,2,17,11.8,11,15,73.3,15,29,44,38,15,12,3,18,223,0,0,-19
Johnny Davis,WAS,23,34,4,30,241.7,80,32,78,41.0,7,29,24.1,9,15,60.0,10,28,38,11,7,15,6,18,198,0,0,-26
Branden Carlson,OKC,25,24,22,2,154.8,78,27,57,47.4,19,45,42.2,5,7,71.4,9,27,36,9,4,4,11,15,176,0,0,24
Cam Spencer,MEM,24,20,11,9,199.5,78,24,57,42.1,13,35,37.1,17,17,100.0,9,18,27,25,5,6,1,18,164,0,0,21
Moses Brown,DAL,25,13,5,8,118.6,76,34,49,69.4,0,0,0.0,8,11,72.7,12,32,44,2,11,6,4,17,151,1,0,-14
Jordan McLaughlin,SAS,28,38,15,23,231.2,73,22,53,41.5,13,31,41.9,16,21,76.2,4,20,24,36,12,13,0,14,183,0,0,36
Jaden Springer,UTA,22,36,21,15,229.7,72,21,53,39.6,9,28,32.1,21,31,67.7,7,28,35,23,10,17,3,29,199,0,0,-10
Jordan Walsh,BOS,21,46,35,11,356.7,72,26,70,37.1,13,46,28.3,7,12,58.3,20,37,57,16,12,10,10,27,212,0,0,46
Jared Rhoden,TOR,25,10,6,4,158.5,71,24,60,40.0,8,28,28.6,15,18,83.3,11,19,30,8,7,7,2,13,139,1,0,32
MarJon Beauchamp,NYK,24,33,18,15,149.2,71,25,62,40.3,10,28,35.7,11,16,68.8,10,29,39,10,15,4,1,14,133,0,0,13
Alex Len,LAL,31,45,21,24,366.2,70,30,59,50.8,2,8,25.0,8,17,47.1,38,55,93,37,17,9,20,50,307,0,0,-138
Johnny Furphy,IND,20,43,26,17,282.0,69,24,64,37.5,12,37,32.4,9,9,100.0,18,32,50,10,9,14,8,31,201,0,0,-10
Kobe Brown,LAC,25,35,20,15,236.9,69,30,64,46.9,4,22,18.2,5,7,71.4,18,38,56,20,9,6,3,22,184,0,0,-48
Baylor Scheierman,BOS,24,23,21,2,237.9,68,23,63,36.5,17,49,34.7,5,6,83.3,10,30,40,22,4,10,2,14,181,0,0,11
Tyler Kolek,NYK,24,37,24,13,232.6,68,24,66,36.4,12,36,33.3,8,11,72.7,4,14,18,53,10,10,2,19,195,0,0,-9
Jaylen Nowell,NOP,25,8,1,7,168.1,67,26,73,35.6,8,27,29.6,7,11,63.6,6,14,20,18,8,1,4,9,125,0,0,-42
Maxwell Lewis,BKN,22,21,6,15,193.5,67,26,57,45.6,12,23,52.2,3,6,50.0,11,18,29,11,7,7,3,14,141,0,0,-9
Reece Beekman,BKN,23,31,12,19,340.0,66,24,78,30.8,6,32,18.8,12,17,70.6,8,18,26,39,17,20,2,24,205,0,0,-65
Damion Lee,PHX,32,19,5,14,114.6,63,20,58,34.5,7,29,24.1,16,17,94.1,2,13,15,9,8,4,0,5,99,0,0,29
Elfrid Payton,NOP,31,16,2,14,327.1,63,31,85,36.5,0,1,0.0,1,3,33.3,9,39,48,93,36,17,8,26,299,1,0,-73
De'Anthony Melton,BKN,26,6,4,2,121.0,62,22,54,40.7,13,35,37.1,5,8,62.5,6,14,20,17,10,7,2,18,129,1,0,27
Tristan Thompson,CLE,34,38,31,7,265.5,59,27,59,45.8,0,3,0.0,5,22,22.7,26,76,102,23,11,1,9,31,235,0,0,-55
Bruno Fernando,TOR,26,17,2,15,146.6,58,26,49,53.1,0,0,0.0,6,8,75.0,21,30,51,18,14,4,9,27,171,0,0,-22
Jalen Hood-Schifino,PHI,21,8,3,5,154.7,58,19,51,37.3,9,28,32.1,11,14,78.6,2,10,12,15,7,3,6,13,115,0,0,-51
Alex Reese,PHI,25,11,3,8,161.5,57,20,40,50.0,11,29,37.9,6,8,75.0,7,26,33,3,5,8,8,17,144,0,0,36
Mitchell Robinson,NYK,26,12,7,5,194.2,57,25,37,67.6,0,0,0.0,7,11,63.6,34,33,67,7,6,11,10,18,205,1,0,0
Oscar Tshiebwe,UTA,25,10,2,8,162.0,56,20,35,57.1,0,0,0.0,16,20,80.0,25,50,75,6,5,7,0,17,171,1,0,-4
Killian Hayes,BKN,23,6,1,5,162.3,54,18,43,41.9,8,21,38.1,10,12,83.3,5,13,18,31,9,4,4,13,137,0,0,-24
Dariq Whitehead,BKN,20,12,3,9,93.6,53,18,42,42.9,16,36,44.4,1,3,33.3,1,8,9,2,7,4,1,5,75,0,0,-27
Kobe Bufkin,ATL,21,10,6,4,123.6,53,18,47,38.3,4,19,21.1,13,18,72.2,5,16,21,17,8,3,2,9,111,0,0,-23
Bronny James,LAL,20,23,14,9,134.7,52,17,52,32.7,7,28,25.0,11,14,78.6,3,10,13,14,10,5,3,11,103,0,0,-58
Dario ari,DEN,30,15,7,8,202.9,52,19,56,33.9,7,26,26.9,7,10,70.0,14,35,49,22,14,7,1,18,154,1,0,-43
Oshae Brissett,PHI,26,6,1,5,142.2,52,19,39,48.7,6,18,33.3,8,14,57.1,7,15,22,4,8,4,3,14,97,0,0,-31
JT Thor,WAS,22,14,9,5,124.0,50,18,37,48.6,4,15,26.7,10,14,71.4,11,10,21,5,6,5,6,11,110,0,0,-48
Ariel Hukporti,NYK,22,25,17,8,217.4,48,21,31,67.7,0,0,0.0,6,13,46.2,14,37,51,11,21,1,15,32,153,0,0,-63
Chuma Okeke,PHI,26,7,1,6,171.4,48,18,33,54.5,10,22,45.5,2,3,66.7,20,23,43,13,3,5,3,5,140,1,0,-34
Matisse Thybulle,POR,28,7,4,3,109.0,48,18,35,51.4,10,22,45.5,2,4,50.0,5,18,23,10,3,15,3,3,142,0,0,13
Markelle Fultz,SAC,26,16,7,9,134.1,47,21,48,43.8,4,7,57.1,1,1,100.0,3,9,12,16,13,6,1,11,93,0,0,9
Patrick Baldwin Jr.,LAC,22,22,1,21,100.6,47,17,33,51.5,11,21,52.4,2,4,50.0,5,17,22,2,5,3,2,5,86,0,0,34
Tyler Smith,MIL,20,20,10,10,88.4,47,18,39,46.2,9,22,40.9,2,4,50.0,4,16,20,4,6,2,3,9,86,0,0,13
Jaylen Martin,WAS,21,12,3,9,138.9,46,19,44,43.2,5,12,41.7,3,3,100.0,7,21,28,9,8,2,0,4,91,0,0,-84
Markieff Morris,LAL,35,14,7,7,131.6,45,16,60,26.7,8,33,24.2,5,6,83.3,3,16,19,15,3,1,2,12,96,0,0,-11
Adam Flagler,OKC,25,31,28,3,138.8,44,17,72,23.6,10,55,18.2,0,0,0.0,6,11,17,8,3,7,3,12,103,0,0,-8
Drew Peterson,BOS,25,20,14,6,152.0,41,13,29,44.8,9,23,39.1,6,7,85.7,5,25,30,13,6,5,2,13,112,0,0,60
Lamar Stevens,MEM,27,10,4,6,99.7,40,14,34,41.2,5,15,33.3,7,9,77.8,3,26,29,5,6,4,3,10,97,0,0,46
Nate Williams,HOU,26,14,11,3,85.5,39,16,38,42.1,4,17,23.5,3,4,75.0,1,6,7,5,9,5,4,10,73,0,0,-6
Chris Duarte,CHI,27,17,4,13,74.5,36,12,26,46.2,6,15,40.0,6,8,75.0,5,15,20,9,1,0,0,7,73,0,0,12
Isaiah Jackson,IND,23,5,1,4,83.9,35,14,23,60.9,0,0,0.0,7,14,50.0,11,17,28,5,5,3,8,14,104,0,0,10
Enrique Freeman,IND,24,20,6,14,139.5,34,12,25,48.0,1,6,16.7,9,15,60.0,6,13,19,8,5,2,2,18,76,0,0,-53
Keion Brooks Jr.,NOP,24,6,1,5,95.5,34,13,25,52.0,5,10,50.0,3,6,50.0,1,13,14,5,4,1,3,10,66,0,0,-54
PJ Hall,DEN,23,19,12,7,66.2,33,14,24,58.3,2,8,25.0,3,4,75.0,6,16,22,4,2,0,4,11,75,0,0,-2
Elijah Harkless,UTA,25,10,1,9,138.0,32,11,35,31.4,7,25,28.0,3,6,50.0,9,12,21,8,3,10,1,18,99,0,0,31
Garrett Temple,TOR,38,25,10,15,182.5,32,9,42,21.4,5,20,25.0,9,10,90.0,5,19,24,26,10,14,2,23,138,0,0,-18
Josh Richardson,MIA,31,8,4,4,149.5,32,11,38,28.9,6,22,27.3,4,4,100.0,6,6,12,12,8,8,1,17,83,0,0,-31
TyTy Washington Jr.,PHX,23,13,3,10,102.9,31,12,39,30.8,4,20,20.0,3,4,75.0,4,8,12,15,3,3,0,4,74,0,0,-7
Xavier Tillman,BOS,26,29,23,6,206.9,30,12,46,26.1,5,27,18.5,1,2,50.0,9,29,38,7,12,9,5,16,116,0,0,-5
Alex Ducas,OKC,24,19,18,1,96.2,29,10,25,40.0,9,18,50.0,0,0,0.0,6,13,19,3,4,5,0,7,67,0,0,-33
Tony Bradley,IND,27,8,7,1,44.6,29,14,18,77.8,1,3,33.3,0,2,0.0,7,8,15,3,4,1,3,4,60,0,0,7
Kevin Knox II,GSW,25,9,7,2,55.9,28,11,24,45.8,3,11,27.3,3,4,75.0,6,6,12,4,1,1,4,5,62,0,0,-8
Marcus Garrett,CHA,26,4,1,3,79.4,28,11,27,40.7,3,8,37.5,3,4,75.0,1,5,6,13,6,3,2,10,64,0,0,-39
Matt Ryan,NYK,27,19,14,5,67.8,28,10,31,32.3,6,19,31.6,2,2,100.0,0,8,8,3,3,2,0,1,45,0,0,-40
Pacome Dadiet,NYK,19,16,12,4,99.5,26,9,28,32.1,6,18,33.3,2,3,66.7,0,14,14,5,3,3,2,6,62,0,0,-13
Daeqwon Plowden,ATL,26,2,1,1,32.7,24,8,10,80.0,6,8,75.0,2,2,100.0,3,2,5,0,1,0,0,5,29,0,0,12
Jazian Gortman,DAL,22,16,8,8,56.6,24,9,23,39.1,4,11,36.4,2,4,50.0,1,4,5,6,5,2,1,9,43,0,0,11
Kylor Kelley,DAL,27,8,3,5,66.7,24,10,13,76.9,0,0,0.0,4,6,66.7,8,13,21,2,1,0,2,8,57,1,0,-36
Yuki Kawamura,MEM,23,20,16,4,63.1,24,8,22,36.4,4,16,25.0,4,6,66.7,0,7,7,14,4,1,0,7,52,0,0,0
Mason Jones,SAC,26,10,4,6,45.4,23,9,18,50.0,1,8,12.5,4,5,80.0,2,7,9,11,1,0,1,3,52,0,0,1
Trey Alexander,DEN,21,21,13,8,90.0,23,9,29,31.0,2,11,18.2,3,4,75.0,0,9,9,10,3,1,1,9,52,0,0,-9
Sidy Cissoko,POR,20,20,10,10,60.9,22,9,18,50.0,3,7,42.9,1,6,16.7,4,7,11,6,3,1,0,7,44,0,0,-2
Spencer Jones,DEN,23,19,13,6,100.7,22,9,26,34.6,1,13,7.7,3,3,100.0,7,6,13,3,5,5,3,14,61,0,0,-32
Chris Livingston,MIL,21,17,12,5,77.7,21,7,19,36.8,0,6,0.0,7,10,70.0,8,16,24,2,5,5,0,5,63,0,0,-20
JD Davison,BOS,22,12,11,1,51.4,20,6,14,42.9,3,9,33.3,5,7,71.4,1,6,7,5,7,3,0,1,38,0,0,-34
Jae Crowder,SAC,34,7,2,5,91.6,20,6,17,35.3,3,12,25.0,5,6,83.3,6,11,17,4,4,3,0,10,51,0,0,-14
Leonard Miller,MIN,21,10,8,2,27.1,18,5,14,35.7,0,5,0.0,8,8,100.0,3,8,11,0,2,2,1,2,38,0,0,-13
Pete Nance,MIL,25,9,5,4,77.7,17,6,18,33.3,4,14,28.6,1,2,50.0,2,8,10,3,0,1,0,10,37,0,0,-12
Jackson Rowe,GSW,28,5,3,2,42.7,16,6,15,40.0,2,9,22.2,2,4,50.0,0,8,8,3,1,3,0,4,38,0,0,14
Keshad Johnson,MIA,23,10,5,5,57.0,16,7,12,58.3,1,4,25.0,1,6,16.7,2,15,17,3,3,1,4,5,53,0,0,1
Malachi Flynn,CHA,26,4,2,2,43.7,16,5,13,38.5,1,4,25.0,5,6,83.3,3,4,7,7,4,3,0,4,40,0,0,1
Vlatko anar,DEN,27,11,2,9,106.2,16,7,19,36.8,2,9,22.2,0,0,0.0,6,23,29,7,8,1,1,8,59,0,0,-1
E.J. Liddell,CHI,24,7,2,5,32.9,15,5,10,50.0,3,8,37.5,2,2,100.0,1,4,5,3,2,1,1,8,30,0,0,5
Joe Ingles,MIN,37,19,12,7,114.1,15,6,23,26.1,3,15,20.0,0,0,0.0,2,9,11,23,9,2,0,12,60,0,0,2
Armel Traor,LAL,22,9,5,4,66.7,14,6,19,31.6,0,7,0.0,2,7,28.6,2,13,15,1,3,4,2,6,49,0,0,-49
Jack McVeigh,HOU,28,7,5,2,28.4,14,5,13,38.5,4,10,40.0,0,0,0.0,1,3,4,1,1,0,1,1,22,0,0,7
Lester Quinones,NOP,24,5,2,3,27.9,14,6,11,54.5,1,4,25.0,1,1,100.0,3,1,4,1,5,1,0,1,18,0,0,-2
Taylor Hendricks,UTA,21,3,0,3,74.5,14,4,18,22.2,3,12,25.0,3,4,75.0,5,10,15,2,2,5,4,8,60,0,0,-22
Bryce McGowens,POR,22,13,8,5,32.0,13,4,14,28.6,0,4,0.0,5,6,83.3,2,1,3,2,4,1,0,3,19,0,0,-4
Cam Christie,LAC,19,8,5,3,40.8,13,5,15,33.3,2,10,20.0,1,2,50.0,1,6,7,5,2,3,0,2,36,0,0,9
Isaiah Crawford,SAC,23,14,7,7,43.3,13,5,10,50.0,1,5,20.0,2,4,50.0,1,7,8,1,1,1,2,2,32,0,0,22
Cole Swider,TOR,25,4,2,2,51.8,12,5,17,29.4,2,13,15.4,0,1,0.0,0,5,5,1,0,1,1,5,26,0,0,30
Stanley Umude,MIL,25,20,13,7,64.5,12,4,23,17.4,2,13,15.4,2,4,50.0,4,11,15,3,2,3,3,6,51,0,0,-14
Drew Timme,BKN,24,1,0,1,24.9,11,4,6,66.7,1,3,33.3,2,3,66.7,4,6,10,1,3,0,0,1,22,1,0,-13
N'Faly Dante,HOU,23,1,0,1,18.6,10,4,6,66.7,0,0,0.0,2,3,66.7,4,5,9,1,1,0,2,4,27,0,0,2
Nae'Qwan Tomlin,CLE,24,3,3,0,14.5,10,4,8,50.0,0,2,0.0,2,3,66.7,1,5,6,0,1,0,0,2,16,0,0,-2
Liam Robbins,MIL,25,13,8,5,57.0,9,2,8,25.0,0,2,0.0,5,10,50.0,7,5,12,2,6,2,2,9,32,0,0,-5
Trentyn Flowers,LAC,20,2,0,2,15.8,9,4,9,44.4,0,2,0.0,1,1,100.0,1,3,4,0,1,0,0,3,13,0,0,13
Adama Sanogo,CHI,23,4,2,2,21.5,8,4,7,57.1,0,0,0.0,0,0,0.0,5,1,6,1,1,0,0,1,16,0,0,-5
Anton Watson,NYK,24,7,4,3,18.5,8,4,8,50.0,0,0,0.0,0,0,0.0,1,1,2,2,2,0,0,2,11,0,0,-12
James Johnson,IND,38,12,5,7,36.6,8,4,11,36.4,0,3,0.0,0,1,0.0,0,6,6,4,4,0,2,5,23,0,0,-9
Luke Travers,CLE,23,9,8,1,54.6,8,3,11,27.3,0,4,0.0,2,2,100.0,5,7,12,5,5,1,1,4,31,0,0,-4
Tyson Etienne,BKN,25,1,0,1,9.8,8,3,7,42.9,2,5,40.0,0,0,0.0,0,0,0,1,0,0,0,2,10,0,0,0
PJ Dozier,MIN,28,9,7,2,34.9,7,2,3,66.7,2,3,66.7,1,6,16.7,1,4,5,5,1,1,0,3,23,0,0,-4
RayJ Dennis,IND,23,8,5,3,22.9,7,2,10,20.0,1,7,14.3,2,2,100.0,2,4,6,5,4,3,0,3,27,0,0,-3
Emoni Bates,CLE,21,7,7,0,27.4,6,2,14,14.3,2,11,18.2,0,0,0.0,0,0,0,4,0,1,0,2,15,0,0,-16
Jacob Toppin,ATL,24,16,12,4,48.6,6,3,10,30.0,0,2,0.0,0,0,0.0,2,9,11,4,2,2,0,3,29,0,0,-18
James Wiseman,IND,23,1,1,0,4.6,6,2,4,50.0,0,1,0.0,2,2,100.0,0,1,1,0,0,0,0,0,7,0,0,-4
Josh Christopher,MIA,23,8,4,4,27.6,6,2,7,28.6,0,1,0.0,2,4,50.0,0,3,3,4,4,0,1,1,15,0,0,-8
Marcus Bagley,PHI,23,2,0,2,36.6,6,2,6,33.3,0,4,0.0,2,2,100.0,0,6,6,1,0,1,0,3,18,0,0,-26
Taz Moore,POR,26,2,0,2,19.9,6,2,10,20.0,1,4,25.0,1,2,50.0,4,4,8,1,2,2,0,0,21,0,0,-7
Alondes Williams,DET,25,1,0,1,3.7,5,2,2,100.0,1,1,100.0,0,0,0.0,0,0,0,1,0,0,0,0,7,0,0,6
David Duke Jr.,SAS,25,4,0,4,17.6,5,2,7,28.6,0,1,0.0,1,2,50.0,0,3,3,3,1,0,0,1,12,0,0,11
Skal Labissiere,SAC,29,4,2,2,12.0,5,2,4,50.0,1,1,100.0,0,0,0.0,1,2,3,1,0,0,0,1,10,0,0,-1
Ulrich Chomche,TOR,19,7,3,4,32.2,5,2,5,40.0,0,0,0.0,1,2,50.0,4,4,8,2,2,0,1,5,19,0,0,-24
Jalen Bridges,PHX,23,5,0,5,25.1,4,1,4,25.0,1,4,25.0,1,2,50.0,0,3,3,0,4,0,0,0,4,0,0,0
Phillip Wheeler,PHI,22,1,0,1,15.5,4,2,9,22.2,0,5,0.0,0,0,0.0,1,3,4,2,0,0,0,0,12,0,0,10
Cui Yongxi,BKN,21,5,2,3,10.3,3,1,7,14.3,0,3,0.0,1,2,50.0,0,2,2,0,0,0,0,0,5,0,0,2
D.J. Carton,TOR,24,4,1,3,33.4,3,1,7,14.3,0,3,0.0,1,1,100.0,0,4,4,3,4,2,0,1,14,0,0,12
Quincy Olivari,LAL,23,2,1,1,10.3,3,1,5,20.0,1,5,20.0,0,0,0.0,0,0,0,1,1,0,0,0,4,0,0,-18
Tristen Newton,MIN,23,8,2,6,16.1,3,1,8,12.5,0,3,0.0,1,1,100.0,2,2,4,2,2,1,0,4,12,0,0,-5
Harrison Ingram,SAS,22,3,0,3,17.3,2,1,3,33.3,0,1,0.0,0,0,0.0,1,4,5,1,0,1,0,2,13,0,0,16
Jamaree Bouyea,MIL,25,1,1,0,4.6,2,1,1,100.0,0,0,0.0,0,0,0.0,0,0,0,1,1,1,0,0,6,0,0,-1
Justin Minaya,POR,26,11,4,7,26.6,2,1,4,25.0,0,2,0.0,0,0,0.0,2,2,4,2,0,1,0,3,13,0,0,-21
Kevin McCullar Jr.,NYK,24,1,1,0,3.1,2,1,2,50.0,0,0,0.0,0,0,0.0,0,0,0,0,0,0,0,2,2,0,0,-9
Malevy Leons,OKC,25,6,6,0,21.0,2,0,2,0.0,0,1,0.0,2,4,50.0,1,2,3,1,1,0,0,4,6,0,0,-18
Yuri Collins,GSW,24,2,2,0,16.3,2,1,3,33.3,0,0,0.0,0,0,0.0,2,1,3,4,0,2,0,5,18,0,0,-5
Daishen Nix,MIN,23,3,3,0,13.2,1,0,1,0.0,0,1,0.0,1,2,50.0,0,4,4,3,4,0,0,1,6,0,0,9
Bobi Klintman,DET,22,6,4,2,17.3,0,0,2,0.0,0,1,0.0,0,0,0.0,0,4,4,1,1,0,1,2,8,0,0,4
Daniss Jenkins,DET,23,5,3,2,9.9,0,0,4,0.0,0,4,0.0,0,0,0.0,0,0,0,0,1,0,0,2,-1,0,0,-14
Emanuel Miller,CHI,24,1,0,1,2.4,0,0,0,0.0,0,0,0.0,0,0,0.0,0,0,0,0,0,0,0,0,0,0,0,-3
Jahlil Okafor,IND,29,1,0,1,3.4,0,0,0,0.0,0,0,0.0,0,0,0.0,0,1,1,1,0,0,0,0,3,0,0,5
Jahmir Young,CHI,24,1,0,1,2.4,0,0,0,0.0,0,0,0.0,0,0,0.0,0,1,1,1,0,0,0,0,3,0,0,-3
Jalen McDaniels,WAS,27,4,2,2,7.3,0,0,0,0.0,0,0,0.0,0,0,0.0,0,0,0,1,0,1,0,0,5,0,0,-1
Jesse Edwards,MIN,25,2,2,0,4.7,0,0,0,0.0,0,0,0.0,0,0,0.0,0,0,0,1,0,0,0,2,2,0,0,-10
Mac McClung,ORL,26,2,1,1,10.2,0,0,2,0.0,0,1,0.0,0,0,0.0,0,1,1,3,0,0,0,2,6,0,0,-2
Miles Norris,BOS,24,1,1,0,4.0,0,0,0,0.0,0,0,0.0,0,0,0.0,0,2,2,0,0,0,0,0,2,0,0,-4
P.J. Tucker,NYK,39,1,0,1,1.8,0,0,0,0.0,0,0,0.0,0,0,0.0,0,0,0,0,0,0,0,0,0,0,0,2
Riley Minix,SAS,24,1,0,1,6.8,0,0,1,0.0,0,1,0.0,0,0,0.0,0,2,2,0,0,0,0,0,2,0,0,0
Terry Taylor,SAC,25,3,1,2,6.3,0,0,1,0.0,0,0,0.0,0,0,0.0,1,0,1,2,0,0,0,0,4,0,0,9
Zyon Pullin,MEM,24,3,1,2,2.6,0,0,1,0.0,0,0,0.0,0,0,0.0,0,0,0,0,0,0,0,0,0,0,0,1
